sequence_id	start	end
6qp7_A	44	86
6qp7_A	109	144
6qp7_A	166	218
6qp7_A	230	295
6qp7_A	299	414
6qp7_A	417	468
6qp7_A	473	500
2w38_A	20	73
2w38_A	80	122
2w38_A	125	177
2w38_A	179	225
2w38_A	237	291
2w38_A	294	327
3rwk_X	39	90
3rwk_X	94	153
3rwk_X	176	219
3rwk_X	228	283
3rwk_X	299	357
2z3w_A	27	64
2z3w_A	84	119
2z3w_A	124	162
2z3w_A	184	250
2z3w_A	257	306
2z3w_A	310	353
2z3w_A	357	400
2z3w_A	402	444
1ofz_A	6	56
1ofz_A	63	100
1ofz_A	115	161
1ofz_A	167	205
1ofz_A	212	252
1ofz_A	265	302
2aj8_C	20	53
2aj8_C	63	112
2aj8_C	113	150
2aj8_C	174	251
2aj8_C	259	312
2aj8_C	320	362
2aj8_C	365	407
2aj8_C	417	459
3vl1_A	99	137
3vl1_A	141	180
3vl1_A	184	220
3vl1_A	228	287
3vl1_A	292	333
3vl1_A	338	383
3vl1_A	388	417
1olz_A	29	67
1olz_A	91	130
1olz_A	142	178
1olz_A	187	265
1olz_A	270	396
1olz_A	399	444
4igl_A	402	451
4igl_A	459	499
4igl_A	564	607
4igl_A	618	662
4igl_A	670	702
5yyl_A	65	107
5yyl_A	124	170
5yyl_A	185	228
5yyl_A	255	301
5yyl_A	305	349
5yyl_A	353	407
3a71_A	25	71
3a71_A	82	139
3a71_A	150	199
3a71_A	203	257
3a71_A	267	310
3a71_A	314	350
3ddu_A	72	114
3ddu_A	122	168
3ddu_A	171	228
3ddu_A	232	285
3ddu_A	286	332
3ddu_A	335	377
3ddu_A	379	424
3hrp_A	132	170
3hrp_A	172	214
3hrp_A	220	258
3hrp_A	269	307
3hrp_A	325	363
3hrp_A	382	409
3ol2_B	18	55
3ol2_B	81	117
3ol2_B	134	186
3ol2_B	199	252
3ol2_B	258	385
3ol2_B	389	432
3ol2_B	438	463
3elq_A	131	191
3elq_A	208	246
3elq_A	251	300
3elq_A	356	392
3elq_A	435	490
3elq_A	501	552
6qp8_A	43	84
6qp8_A	107	144
6qp8_A	166	219
6qp8_A	229	294
6qp8_A	299	413
6qp8_A	416	467
6qp8_A	474	500
2ebs_A	16	53
2ebs_A	66	110
2ebs_A	123	160
2ebs_A	170	209
2ebs_A	230	277
2ebs_A	295	338
2ebs_A	397	425
2ebs_A	446	482
2ebs_A	489	532
2ebs_A	546	585
2ebs_A	593	627
2ebs_A	636	670
2ebs_A	675	727
2ebs_A	735	762
1yfq_A	13	56
1yfq_A	58	98
1yfq_A	103	144
1yfq_A	153	190
1yfq_A	195	241
1yfq_A	253	290
1yfq_A	295	338
5mt2_A	57	112
5mt2_A	119	189
5mt2_A	202	261
5mt2_A	268	316
5mt2_A	329	366
7vgb_A	98	141
7vgb_A	150	195
7vgb_A	198	249
7vgb_A	255	300
7vgb_A	302	347
7vgb_A	349	391
7vgb_A	392	438
6w17_C	15	52
6w17_C	58	98
6w17_C	102	143
6w17_C	148	203
6w17_C	207	250
6w17_C	255	291
6w17_C	346	376
2b4w_A	28	80
2b4w_A	84	129
2b4w_A	133	180
2b4w_A	187	246
2b4w_A	262	295
6q4x_A	58	104
6q4x_A	114	159
6q4x_A	164	210
6q4x_A	220	278
6q4x_A	294	327
3iuj_A	78	120
3iuj_A	130	174
3iuj_A	177	226
3iuj_A	234	280
3iuj_A	281	329
3iuj_A	330	368
3iuj_A	371	414
3wpu_A	73	141
3wpu_A	157	226
3wpu_A	247	330
3wpu_A	339	391
3wpu_A	422	471
3j80_g	20	64
3j80_g	69	104
3j80_g	110	146
3j80_g	151	201
3j80_g	206	244
3j80_g	247	283
3j80_g	295	326
3rfh_A	19	63
3rfh_A	67	106
3rfh_A	110	146
3rfh_A	200	237
3rfh_A	239	276
3rfh_A	288	317
4bts_AR	23	73
4bts_AR	78	116
4bts_AR	121	157
4bts_AR	165	211
4bts_AR	216	254
4bts_AR	258	295
4bts_AR	312	343
7cpu_Sg	17	60
7cpu_Sg	65	104
7cpu_Sg	107	144
7cpu_Sg	151	190
7cpu_Sg	194	232
7cpu_Sg	235	258
7cpu_Sg	285	310
6zj3_Sh	19	67
6zj3_Sh	69	107
6zj3_Sh	111	147
6zj3_Sh	154	194
6zj3_Sh	198	236
6zj3_Sh	241	276
6zj3_Sh	289	316
5opt_p	15	66
5opt_p	69	106
5opt_p	111	146
5opt_p	157	192
5opt_p	199	236
5opt_p	240	275
5opt_p	287	314
4o8n_A	104	154
4o8n_A	159	206
4o8n_A	217	263
4o8n_A	270	314
4n1i_A	31	80
4n1i_A	86	132
4n1i_A	143	189
4n1i_A	197	243
4n1i_A	261	309
5cxc_A	128	183
5cxc_A	194	238
5cxc_A	242	311
5cxc_A	314	354
5cxc_A	356	401
5cxc_A	405	458
5cxc_A	478	502
3jb9_K	165	205
3jb9_K	208	243
3jb9_K	250	287
3jb9_K	291	329
3jb9_K	334	370
3jb9_K	375	412
3jb9_K	423	452
6qdv_J	22	60
6qdv_J	65	103
6qdv_J	106	145
6qdv_J	148	188
6qdv_J	190	228
6qdv_J	231	269
6qdv_J	281	309
3wmy_A	160	209
3wmy_A	216	260
3wmy_A	272	318
3wmy_A	326	368
3wmy_A	390	437
6cc7_A	41	91
6cc7_A	96	142
6cc7_A	153	198
6cc7_A	206	251
6cc7_A	269	317
4hiz_A	85	132
4hiz_A	142	277
4hiz_A	289	339
4hiz_A	348	392
4hiz_A	396	461
4hiz_A	472	524
3dr2_A	46	86
3dr2_A	88	125
3dr2_A	133	187
3dr2_A	190	236
3dr2_A	241	276
3dr2_A	279	305
6d69_A	47	84
6d69_A	94	132
6d69_A	143	179
6d69_A	189	226
6d69_A	235	273
6d69_A	282	307
5oql_L	42	98
5oql_L	104	142
5oql_L	147	185
5oql_L	190	231
5oql_L	235	272
5oql_L	276	315
5oql_L	318	347
5wsg_q	174	226
5wsg_q	230	247
5wsg_q	291	313
5wsg_q	332	370
5wsg_q	377	414
5wsg_q	423	461
5wsg_q	466	483
4hbs_A	55	114
4hbs_A	154	216
4hbs_A	223	267
4hbs_A	298	341
4hbs_A	353	404
2xqr_A	16	65
2xqr_A	76	128
2xqr_A	141	194
2xqr_A	198	258
2xqr_A	276	332
2j04_A	17	62
2j04_A	87	123
2j04_A	132	177
2j04_A	185	224
2j04_A	228	264
2j04_A	267	304
2j04_A	329	373
6r60_A	9	46
6r60_A	48	86
6r60_A	90	128
6r60_A	130	169
6r60_A	171	207
6r5z_A	9	46
6r5z_A	48	86
6r5z_A	90	127
5ubj_A	48	98
5ubj_A	104	149
5ubj_A	161	207
5ubj_A	214	260
5ubj_A	281	328
5iv5_C	190	224
5iv5_C	236	300
5iv5_C	308	356
5iv5_C	365	416
5iv5_C	430	505
5iv5_C	514	537
3jcr_D	69	107
3jcr_D	112	147
3jcr_D	154	191
3jcr_D	196	232
3jcr_D	238	278
3jcr_D	287	325
3jcr_D	330	355
6nd4_U	70	109
6nd4_U	113	180
6nd4_U	183	216
6nd4_U	222	261
6nd4_U	264	303
6nd4_U	307	346
6nd4_U	351	377
6m0d_A	103	176
6m0d_A	190	299
6m0d_A	287	367
6m0d_A	380	436
6m0d_A	463	504
6r5x_A	8	46
6r5x_A	49	85
3v9f_A	20	62
3v9f_A	68	112
3v9f_A	117	163
3v9f_A	164	200
3v9f_A	213	244
3v9f_A	259	288
3v9f_A	364	398
3v9f_A	408	443
3v9f_A	452	487
3v9f_A	497	532
3v9f_A	540	576
3v9f_A	585	619
3v9f_A	630	655
3va6_A	23	57
3va6_A	63	97
3va6_A	103	139
3va6_A	146	181
3va6_A	192	231
3va6_A	232	269
3va6_A	279	304
3va6_A	325	364
3va6_A	373	409
3va6_A	421	465
3va6_A	474	510
3va6_A	519	555
3va6_A	560	593
3va6_A	598	625
1erj_B	66	103
1erj_B	125	163
1erj_B	167	205
1erj_B	208	255
1erj_B	258	309
1erj_B	312	352
1erj_B	354	390
5mwj_A	53	96
5mwj_A	99	139
5mwj_A	143	181
5mwj_A	185	223
5mwj_A	226	263
5mwj_A	267	305
5mwj_A	309	337
5oql_X	173	201
5oql_X	249	287
5oql_X	290	328
5oql_X	332	369
5oql_X	398	435
5oql_X	465	505
5oql_X	562	608
7r81_h2	18	62
7r81_h2	65	103
7r81_h2	108	144
7r81_h2	150	191
7r81_h2	194	233
7r81_h2	235	272
7r81_h2	285	312
5t2a_7	14	64
5t2a_7	68	106
5t2a_7	110	148
5t2a_7	154	191
5t2a_7	196	232
5t2a_7	239	272
5t2a_7	281	308
6xu6_Ag	18	59
6xu6_Ag	69	106
6xu6_Ag	108	144
6xu6_Ag	151	193
6xu6_Ag	196	234
6xu6_Ag	236	274
6xu6_Ag	287	314
4l1m_C	55	95
4l1m_C	97	146
4l1m_C	155	203
4l1m_C	207	258
4l1m_C	261	310
4l1m_C	312	362
5wlc_LJ	42	79
5wlc_LJ	85	123
5wlc_LJ	128	166
5wlc_LJ	170	211
5wlc_LJ	215	250
5wlc_LJ	255	299
5wlc_LJ	302	334
6rm3_SGG	19	65
6rm3_SGG	69	108
6rm3_SGG	111	148
6rm3_SGG	157	196
6rm3_SGG	221	259
6rm3_SGG	262	300
6rm3_SGG	307	334
4d6v_A	18	61
4d6v_A	66	102
4d6v_A	107	144
4d6v_A	150	190
4d6v_A	194	232
4d6v_A	236	273
4d6v_A	285	314
3dm0_A	385	428
3dm0_A	432	470
3dm0_A	474	512
3dm0_A	519	560
3dm0_A	563	602
3dm0_A	604	642
3dm0_A	664	691
3alw_A	36	100
3alw_A	105	158
3alw_A	166	251
3alw_A	258	303
3alw_A	327	377
3alw_A	380	425
3fw0_A	26	86
3fw0_A	91	132
3fw0_A	144	183
3fw0_A	198	236
3fw0_A	243	286
3fw0_A	292	324
6p2l_A	19	54
6p2l_A	67	112
6p2l_A	128	166
6p2l_A	175	220
6p2l_A	224	270
6p2l_A	278	327
6p2l_A	348	375
6p2l_A	394	429
6p2l_A	434	469
6p2l_A	477	511
6p2l_A	520	555
6p2l_A	564	599
6p2l_A	601	646
6p2l_A	660	686
4xfv_A	24	62
4xfv_A	66	105
4xfv_A	111	149
4xfv_A	156	204
4xfv_A	209	281
4xfv_A	288	329
4xfv_A	345	384
4xfv_A	391	439
4xfv_A	445	559
4xfv_A	565	607
4xfv_A	612	655
4xfv_A	659	704
4xfv_A	708	749
4xfv_A	758	790
6f1u_h	256	307
6f1u_h	308	347
6f1u_h	358	399
6f1u_h	410	448
6f1u_h	453	495
6f1u_h	502	541
6f1u_h	547	574
6zym_p	185	226
6zym_p	233	267
6zym_p	286	325
6zym_p	334	371
6zym_p	382	418
6zym_p	426	471
6zym_p	474	501
5cxc_B	24	62
5cxc_B	67	155
5cxc_B	159	195
5cxc_B	202	241
5cxc_B	244	283
5cxc_B	287	336
5cxc_B	343	369
4x33_B	38	83
4x33_B	89	122
4x33_B	131	177
4x33_B	181	215
4x33_B	222	258
4x33_B	262	318
5lqw_K	142	180
5lqw_K	185	221
5lqw_K	228	262
5lqw_K	270	305
5lqw_K	312	348
5lqw_K	352	389
5lqw_K	402	430
4qt8_B	33	72
4qt8_B	97	141
4qt8_B	160	215
4qt8_B	225	280
4qt8_B	297	348
4qt8_B	426	471
4qt8_B	477	501
3a9h_A	30	67
3a9h_A	74	129
3a9h_A	136	194
3a9h_A	198	256
3a9h_A	260	308
3a9h_A	313	353
4qam_A	36	86
4qam_A	89	136
4qam_A	142	189
4qam_A	191	241
4qam_A	245	290
4qam_A	297	343
5c86_A	15	68
5c86_A	73	113
5c86_A	120	159
5c86_A	178	215
5c86_A	223	271
5c86_A	280	326
5c86_A	334	369
6sb0_Y	1025	1062
6sb0_Y	1069	1114
6sb0_Y	1125	1163
6sb0_Y	1168	1209
6sb0_Y	1213	1253
6sb0_Y	1256	1292
6sb0_Y	1303	1331
7kn8_B	27	60
7kn8_B	71	118
7kn8_B	132	168
7kn8_B	191	234
7kn8_B	240	285
7kn8_B	297	341
7kn8_B	411	447
7kn8_B	453	497
7kn8_B	506	580
7kn8_B	545	585
7kn8_B	596	632
7kn8_B	634	680
7kn8_B	687	715
6p2o_A	16	52
6p2o_A	64	112
6p2o_A	124	161
6p2o_A	187	231
6p2o_A	237	283
6p2o_A	295	334
6p2o_A	377	403
6p2o_A	426	461
6p2o_A	557	594
6p2o_A	600	641
6p2o_A	642	689
6p2o_A	699	727
5fkq_A	20	56
5fkq_A	69	116
5fkq_A	130	166
5fkq_A	190	235
5fkq_A	241	287
5fkq_A	298	339
5fkq_A	383	409
5fkq_A	432	467
5fkq_A	473	516
5fkq_A	523	558
5fkq_A	564	601
5fkq_A	607	646
5fkq_A	649	695
5fkq_A	704	731
2wq8_A	192	243
2wq8_A	249	287
2wq8_A	294	337
2wq8_A	359	394
2wq8_A	405	453
2wq8_A	463	510
2wq8_A	517	553
6q3g_C2	172	218
6q3g_C2	222	258
6q3g_C2	277	321
6q3g_C2	330	372
6q3g_C2	387	427
3ei1_A	33	75
3ei1_A	79	127
3ei1_A	136	178
3ei1_A	181	228
3ei1_A	232	270
3ei1_A	275	326
3ei1_A	328	373
3ei1_A	377	414
3ei1_A	425	467
3ei1_A	474	511
3ei1_A	515	553
3ei1_A	555	601
3ei1_A	606	649
3ei1_A	653	691
3ei1_A	694	723
3ei1_A	737	826
3ei1_A	828	885
3ei1_A	888	925
3ei1_A	928	969
3ei1_A	972	1019
3ei1_A	1022	1059
5jrl_A	65	116
5jrl_A	117	154
5jrl_A	179	245
5jrl_A	254	293
5jrl_A	311	383
5jrl_A	342	389
5jrl_A	390	434
5nuv_A	27	66
5nuv_A	70	109
5nuv_A	113	150
5nuv_A	153	191
5nuv_A	193	230
5nuv_A	238	276
5nuv_A	282	309
5olj_A	43	81
5olj_A	91	134
5olj_A	142	177
5olj_A	183	269
5olj_A	278	323
5olj_A	327	368
5olj_A	373	412
5olj_A	417	445
3jb9_L	53	92
3jb9_L	96	133
3jb9_L	138	176
3jb9_L	180	215
3jb9_L	222	261
3jb9_L	273	309
3jb9_L	313	340
1hxn_A	19	59
1hxn_A	65	108
1hxn_A	117	158
1hxn_A	160	215
4i0o_A	36	73
4i0o_A	81	126
4i0o_A	128	219
4i0o_A	226	264
4i0o_A	269	340
4i0o_A	349	435
4i0o_A	447	496
1nr0_A	23	57
1nr0_A	62	101
1nr0_A	106	143
1nr0_A	150	188
1nr0_A	192	228
1nr0_A	242	279
1nr0_A	287	312
1nr0_A	326	362
1nr0_A	370	410
1nr0_A	414	447
1nr0_A	451	490
1nr0_A	494	533
1nr0_A	538	577
1nr0_A	584	611
5oj3_A	119	157
5oj3_A	167	202
5oj3_A	212	247
5oj3_A	274	310
5oj3_A	313	357
5oj3_A	366	401
5oj3_A	409	433
3v9f_D	20	54
3v9f_D	68	104
3v9f_D	116	154
3v9f_D	165	200
3v9f_D	213	244
3v9f_D	259	303
3v9f_D	314	343
3v9f_D	409	443
3v9f_D	451	487
3v9f_D	497	533
3v9f_D	540	577
3v9f_D	585	620
3v9f_D	629	656
7z8b_F	214	250
7z8b_F	263	300
7z8b_F	304	343
7z8b_F	346	387
7z8b_F	389	432
7z8b_F	436	476
7z8b_F	479	515
5a1v_T	12	50
5a1v_T	54	92
5a1v_T	96	134
5a1v_T	138	203
5a1v_T	208	247
5a1v_T	251	290
5a1v_T	293	320
5a1v_T	324	357
5a1v_T	364	415
5a1v_T	416	453
5a1v_T	459	488
5a1v_T	492	525
5a1v_T	529	565
5a1v_T	567	594
1nex_B	124	160
1nex_B	164	201
1nex_B	205	268
1nex_B	273	308
1nex_B	312	350
1nex_B	355	391
1nex_B	395	431
1nex_B	432	464
2ovr_B	121	157
2ovr_B	160	198
2ovr_B	201	237
2ovr_B	241	277
2ovr_B	281	317
2ovr_B	321	357
2ovr_B	364	401
2ovr_B	407	442
3r4y_A	48	114
3r4y_A	122	177
3r4y_A	202	258
3r4y_A	264	304
3r4y_A	310	352
6eoj_D	95	134
6eoj_D	139	177
6eoj_D	180	218
6eoj_D	222	260
6eoj_D	263	304
6eoj_D	306	348
6eoj_D	353	381
5fvm_C	3	31
5fvm_C	35	73
5fvm_C	77	113
5fvm_C	120	153
5fvm_C	163	204
5fvm_C	210	247
5fvm_C	253	289
8gqe_A	24	80
8gqe_A	83	123
8gqe_A	128	171
8gqe_A	179	218
8gqe_A	223	260
8gqe_A	267	303
8gqe_A	317	349
5a9q_2	19	71
5a9q_2	74	119
5a9q_2	126	164
5a9q_2	167	206
5a9q_2	211	254
5a9q_2	256	294
5a9q_2	299	324
6rxt_UQ	358	394
6rxt_UQ	399	433
6rxt_UQ	535	604
6rxt_UQ	614	668
6rxt_UQ	688	729
6rxt_UQ	733	768
6rxt_UQ	777	816
2ah2_A	45	98
2ah2_A	106	171
2ah2_A	186	239
2ah2_A	244	286
2ah2_A	300	347
2ah2_A	355	386
2fhr_A	46	100
2fhr_A	107	173
2fhr_A	187	235
2fhr_A	244	287
2fhr_A	300	350
2fhr_A	356	387
3ewe_A	12	53
3ewe_A	57	106
3ewe_A	111	156
3ewe_A	167	210
3ewe_A	214	298
3ewe_A	307	348
7pe8_C	8	42
7pe8_C	44	83
7pe8_C	87	128
7pe8_C	130	167
7pe8_C	172	219
7pe8_C	223	262
7pe8_C	273	311
5cgj_A	36	69
5cgj_A	75	119
5cgj_A	127	165
5cgj_A	174	212
5cgj_A	221	259
5cgj_A	269	309
6r3u_A	36	89
6r3u_A	100	151
6r3u_A	168	214
6r3u_A	221	275
6r3u_A	284	338
4a2l_A	45	78
4a2l_A	89	124
4a2l_A	132	167
4a2l_A	176	209
4a2l_A	216	252
4a2l_A	265	300
4a2l_A	312	337
4a2l_A	358	395
4a2l_A	407	445
4a2l_A	453	487
4a2l_A	498	534
4a2l_A	544	580
4a2l_A	588	623
4a2l_A	633	658
5a1w_C	11	50
5a1w_C	54	93
5a1w_C	95	133
5a1w_C	138	203
5a1w_C	208	247
5a1w_C	251	289
5a1w_C	293	322
5a1w_C	365	415
5a1w_C	416	454
5a1w_C	458	489
5a1w_C	491	525
5a1w_C	530	564
5a1w_C	567	592
2cn2_B	29	63
2cn2_B	74	121
2cn2_B	132	171
2cn2_B	194	238
2cn2_B	244	290
2cn2_B	301	343
2cn2_B	434	471
2cn2_B	474	517
2cn2_B	527	561
2cn2_B	567	602
2cn2_B	610	645
2cn2_B	649	695
2cn2_B	704	733
4lg9_A	58	111
4lg9_A	114	152
4lg9_A	155	194
4lg9_A	196	235
4lg9_A	237	276
4lg9_A	280	327
4lg9_A	331	369
4lg9_A	371	399
1gen_A	32	75
1gen_A	78	124
1gen_A	126	171
1gen_A	175	218
3i2n_A	21	66
3i2n_A	68	110
3i2n_A	114	159
3i2n_A	167	209
3i2n_A	212	258
3i2n_A	261	321
3i2n_A	324	353
4yy8_A	108	140
4yy8_A	145	184
4yy8_A	193	232
4yy8_A	240	277
4yy8_A	287	327
4yy8_A	335	372
4zoy_A	18	87
4zoy_A	92	138
4zoy_A	142	188
4zoy_A	192	241
4zoy_A	251	326
4zoy_A	330	371
4zoy_A	375	448
6ahd_Y	217	254
6ahd_Y	267	305
6ahd_Y	309	347
6ahd_Y	352	391
6ahd_Y	400	438
6ahd_Y	444	483
6ahd_Y	487	513
1kb0_A	69	105
1kb0_A	124	157
1kb0_A	170	208
1kb0_A	247	302
1kb0_A	315	356
1kb0_A	396	476
1kb0_A	482	517
1kb0_A	524	569
6qp9_A	19	57
6qp9_A	80	121
6qp9_A	132	166
6qp9_A	174	240
6qp9_A	248	365
6qp9_A	369	422
6qp9_A	430	469
3npe_A	75	119
3npe_A	172	212
3npe_A	223	264
3npe_A	273	331
3npe_A	338	392
3npe_A	399	448
3npe_A	455	506
5mb4_A	18	46
5mb4_A	58	102
5mb4_A	115	159
5mb4_A	170	213
5mb4_A	226	269
5mb4_A	280	324
5mb4_A	338	380
4cag_A	118	177
4cag_A	187	254
4cag_A	273	319
4cag_A	333	368
4cag_A	370	417
4cag_A	421	454
4cag_A	459	495
4cag_A	506	539
2zuy_A	115	173
2zuy_A	182	251
2zuy_A	270	316
2zuy_A	329	365
2zuy_A	366	414
2zuy_A	417	461
2zuy_A	466	511
2zuy_A	519	553
5mqr_A	73	125
5mqr_A	147	207
5mqr_A	265	302
5mqr_A	309	353
5mqr_A	370	404
3u4y_A	7	39
3u4y_A	42	82
3u4y_A	85	126
3u4y_A	128	173
3u4y_A	178	220
3u4y_A	223	264
3u4y_A	275	312
4qn3_A	35	95
4qn3_A	95	136
4qn3_A	146	187
4qn3_A	196	238
4qn3_A	271	319
2faw_A	23	64
2faw_A	67	104
2faw_A	109	145
2faw_A	154	191
2faw_A	208	240
6f0t_A	18	59
6f0t_A	60	101
6f0t_A	102	143
6f0t_A	144	185
6f0t_A	186	227
6f0t_A	228	255
4mh1_A	64	99
4mh1_A	113	149
4mh1_A	158	199
4mh1_A	223	279
4mh1_A	291	350
4mh1_A	392	464
4mh1_A	468	505
4mh1_A	510	558
4v0m_D	55	94
4v0m_D	98	135
4v0m_D	216	260
4v0m_D	263	302
4v0m_D	307	342
4v0m_D	344	386
4v0m_D	389	420
6eoj_A	12	57
6eoj_A	59	106
6eoj_A	120	203
6eoj_A	211	276
6eoj_A	280	333
6eoj_A	342	394
6eoj_A	405	437
6eoj_A	943	1010
6eoj_A	1013	1085
6eoj_A	1087	1126
6eoj_A	1128	1167
6eoj_A	1171	1220
6eoj_A	1224	1262
3sil_A	30	84
3sil_A	93	155
3sil_A	168	218
3sil_A	227	264
3sil_A	277	329
3sil_A	339	370
4l1n_A	67	114
4l1n_A	116	164
4l1n_A	168	205
3lp9_A	1	57
3lp9_A	58	108
3lp9_A	109	162
3lp9_A	163	218
5ojp_A	36	72
5ojp_A	78	114
5ojp_A	122	160
5ojp_A	164	200
5ojp_A	206	242
5ojp_A	251	287
5ojp_A	294	318
5gvb_A	29	69
5gvb_A	72	116
5gvb_A	120	155
5gvb_A	158	205
5gvb_A	213	250
5gvb_A	259	296
1pgu_A	22	63
1pgu_A	66	116
1pgu_A	118	157
1pgu_A	162	202
1pgu_A	208	248
1pgu_A	255	296
1pgu_A	300	326
1pgu_A	340	370
1pgu_A	375	405
1pgu_A	409	445
1pgu_A	449	484
1pgu_A	491	527
1pgu_A	533	581
1pgu_A	585	613
5fzp_A	44	80
5fzp_A	83	117
5fzp_A	121	162
5fzp_A	168	205
5fzp_A	214	267
5fzp_A	276	321
7wh0_A	53	98
7wh0_A	148	183
7wh0_A	189	247
7wh0_A	258	323
7wh0_A	328	382
7wh0_A	428	476
7wh0_A	480	533
5eo7_A	12	55
5eo7_A	60	97
5eo7_A	110	151
5eo7_A	159	206
5eo7_A	211	259
5eo7_A	264	305
3okt_A	18	56
3okt_A	82	121
3okt_A	134	185
3okt_A	210	276
3okt_A	276	397
3okt_A	401	444
3okt_A	453	477
4xav_A	38	84
4xav_A	91	127
4xav_A	143	185
4xav_A	191	226
4xav_A	235	264
3s94_A	42	82
3s94_A	86	124
3s94_A	129	168
3s94_A	174	206
3s94_A	216	254
3s94_A	317	347
3s94_A	351	390
3s94_A	393	433
3s94_A	436	476
3s94_A	480	521
3s94_A	524	561
5m11_A	22	57
5m11_A	64	101
5m11_A	111	147
5m11_A	150	188
5m11_A	196	232
5m11_A	235	267
5m11_A	269	304
5m11_A	311	362
5m11_A	373	410
5m11_A	422	460
5m11_A	467	518
5m11_A	533	573
5m11_A	589	627
5m11_A	636	665
3e5z_A	30	68
3e5z_A	70	108
3e5z_A	117	167
3e5z_A	173	214
3e5z_A	220	257
3e5z_A	258	284
3mbr_X	23	61
3mbr_X	67	103
3mbr_X	107	142
3mbr_X	152	188
3mbr_X	206	235
4c8s_B	40	82
4c8s_B	85	122
4c8s_B	128	164
4c8s_B	165	208
4c8s_B	235	276
4c8s_B	289	327
4bp8_A	90	137
4bp8_A	147	189
4bp8_A	192	236
4bp8_A	239	288
4bp8_A	290	334
4bp8_A	338	380
4bp8_A	387	433
7n85_Y	171	207
7n85_Y	213	261
7n85_Y	269	299
7n85_Y	355	393
7n85_Y	419	466
7n85_Y	523	600
7n85_Y	604	652
4bzk_C	10	62
4bzk_C	65	105
4bzk_C	111	154
4bzk_C	163	202
4bzk_C	212	253
4bzk_C	259	299
4bzk_C	302	331
7sul_A	27	83
7sul_A	86	138
7sul_A	142	180
7sul_A	188	227
7sul_A	234	277
7sul_A	280	319
7sul_A	323	352
5n4a_A	17	54
5n4a_A	43	265
5n4a_A	57	102
5n4a_A	106	144
5n4a_A	148	184
5n4a_A	189	228
5n4a_A	270	298
5n4a_A	299	334
5n4a_A	336	371
5n4a_A	375	409
5n4a_A	418	458
5n4a_A	462	502
5n4a_A	504	549
5n4a_A	555	580
5vh9_B	18	58
5vh9_B	61	112
5vh9_B	116	156
5vh9_B	160	197
5vh9_B	200	277
5vh9_B	280	316
4zov_A	15	55
4zov_A	59	102
4zov_A	104	146
4zov_A	151	194
4zov_A	204	248
4zov_A	262	301
4zov_A	302	339
4zov_A	343	379
2w18_A	39	85
2w18_A	89	134
2w18_A	135	177
2w18_A	183	223
2w18_A	229	279
2w18_A	288	324
2w18_A	329	356
7som_aa	328	367
7som_aa	370	409
7som_aa	412	451
7som_aa	454	494
7som_aa	496	535
7som_aa	539	578
7som_aa	581	606
6chg_A	16	52
6chg_A	57	94
6chg_A	97	135
6chg_A	140	178
6chg_A	191	229
6chg_A	239	281
6chg_A	287	311
8dys_A	22	55
8dys_A	57	94
8dys_A	96	143
8dys_A	147	186
8dys_A	188	238
8dys_A	239	286
8dys_A	294	334
8dys_A	335	376
8dys_A	377	421
5i2t_.	372	410
5i2t_.	415	452
5i2t_.	458	494
5i2t_.	501	540
5i2t_.	543	580
5i2t_.	605	642
5i2t_.	706	732
3jb9_U	201	240
3jb9_U	250	287
3jb9_U	296	330
3jb9_U	335	373
3jb9_U	377	416
3jb9_U	422	459
3jb9_U	464	488
1l0q_A	1	31
1l0q_A	33	72
1l0q_A	76	114
1l0q_A	118	156
1l0q_A	159	198
1l0q_A	200	279
1l0q_A	246	284
5mzb_A	40	110
5mzb_A	277	315
5mzb_A	605	664
5mzb_A	676	748
5mzb_A	752	790
1q47_A	30	69
1q47_A	90	140
1q47_A	151	190
1q47_A	199	271
1q47_A	281	403
1q47_A	405	460
1q47_A	464	495
7e7u_B	2	44
7e7u_B	46	89
7e7u_B	93	135
7e7u_B	137	181
7e7u_B	185	226
7e7u_B	228	272
3fhc_A	39	89
3fhc_A	95	147
3fhc_A	152	190
3fhc_A	194	232
3fhc_A	240	292
3fhc_A	302	343
3fhc_A	362	405
7a0j_CCC	5	45
7a0j_CCC	48	89
7a0j_CCC	84	138
7a0j_CCC	141	179
7a0j_CCC	181	210
7a0j_CCC	233	269
7a0j_CCC	272	307
5lqw_X	72	118
5lqw_X	125	178
5lqw_X	191	229
5lqw_X	237	297
5lqw_X	324	350
5lqw_X	366	410
5lqw_X	417	442
5lqw_X	532	565
5lqw_X	589	620
5lqw_X	633	670
5lqw_X	675	720
5lqw_X	726	766
5lqw_X	867	959
5lqw_X	962	980
5lqw_X	1032	1066
5lqw_X	1076	1112
5lqw_X	1119	1167
5lqw_X	1172	1206
3r67_B	48	102
3r67_B	116	162
3r67_B	177	223
3r67_B	243	303
3r67_B	319	353
6rlb_C	697	752
6rlb_C	764	842
6rlb_C	862	901
6rlb_C	911	950
6rlb_C	956	998
6rlb_C	1002	1036
3wj9_B	5	33
3wj9_B	36	73
3wj9_B	78	122
3wj9_B	128	166
3wj9_B	167	214
3wj9_B	215	261
3wj9_B	270	309
3wj9_B	312	353
3wj9_B	355	399
3das_A	33	71
3das_A	81	132
3das_A	139	249
3das_A	204	259
3das_A	264	305
3das_A	309	347
3hx6_A	139	185
3hx6_A	197	241
3hx6_A	253	320
3hx6_A	330	438
3hx6_A	452	524
3hx6_A	528	552
6kyb_A	10	50
6kyb_A	52	97
6kyb_A	100	135
6kyb_A	139	251
6kyb_A	253	293
6kyb_A	297	423
6kyb_A	430	503
1rwi_A	25	56
1rwi_A	68	103
1rwi_A	109	145
1rwi_A	151	188
1rwi_A	193	229
1rwi_A	235	264
3no2_A	3	36
3no2_A	39	75
3no2_A	77	118
3no2_A	126	164
3no2_A	166	203
3no2_A	213	261
7nyq_A	47	85
7nyq_A	95	134
7nyq_A	140	177
7nyq_A	182	219
7nyq_A	224	263
7nyq_A	272	298
5ayd_A	44	94
5ayd_A	113	155
5ayd_A	162	212
5ayd_A	218	274
5ayd_A	288	322
4udg_A	59	106
4udg_A	124	161
4udg_A	171	219
4udg_A	230	282
4udg_A	300	334
3vu4_B	19	58
3vu4_B	61	100
3vu4_B	102	137
3vu4_B	140	194
3vu4_B	198	237
3vu4_B	242	272
3vu4_B	308	353
4v16_A	14	53
4v16_A	56	95
4v16_A	97	131
4v16_A	136	177
4v16_A	182	221
4v16_A	226	275
4v16_A	283	329
3qc2_A	50	100
3qc2_A	118	164
3qc2_A	179	225
3qc2_A	245	303
3qc2_A	323	353
6rxu_CW	57	96
6rxu_CW	98	135
6rxu_CW	140	183
6rxu_CW	204	243
6rxu_CW	247	285
6rxu_CW	289	330
6rxu_CW	332	360
7mq8_LO	18	51
7mq8_LO	58	95
7mq8_LO	99	142
7mq8_LO	146	186
7mq8_LO	190	240
7mq8_LO	290	328
7mq8_LO	332	371
7mq8_LO	375	414
7mq8_LO	417	455
7mq8_LO	461	499
7mq8_LO	504	543
7mq8_LO	546	583
7mq8_LO	608	646
7mq8_LO	703	732
6igb_A	2	41
6igb_A	42	93
6igb_A	97	143
6igb_A	158	204
6igb_A	209	250
6igb_A	261	304
6igb_A	308	352
5wjc_A	53	130
5wjc_A	134	181
5wjc_A	184	233
5wjc_A	237	279
5wjc_A	284	323
5wjc_A	327	380
5wjc_A	385	414
5y2z_H	19	63
5y2z_H	66	108
5y2z_H	114	158
5y2z_H	161	209
5y2z_H	215	256
5y2z_H	259	303
5y2z_H	305	335
4ffv_B	20	53
4ffv_B	62	105
4ffv_B	112	149
4ffv_B	154	249
4ffv_B	258	311
4ffv_B	320	362
4ffv_B	368	410
4ffv_B	419	462
1ri6_A	2	36
1ri6_A	38	82
1ri6_A	85	127
1ri6_A	131	175
1ri6_A	179	222
1ri6_A	232	275
1ri6_A	280	321
7luv_E	73	111
7luv_E	120	161
7luv_E	168	205
7luv_E	216	256
7luv_E	260	298
7luv_E	302	340
5a31_R	96	131
5a31_R	134	172
5a31_R	175	212
5a31_R	217	254
5a31_R	259	299
5a31_R	301	342
5a31_R	346	373
4fu4_A	186	228
4fu4_A	230	277
4fu4_A	279	326
4fu4_A	327	368
5dfz_B	1072	1117
5dfz_B	1120	1168
5dfz_B	1177	1216
5dfz_B	1223	1263
5dfz_B	1266	1308
5dfz_B	1339	1375
5dfz_B	1417	1444
6zon_I	12	51
6zon_I	54	92
6zon_I	96	142
6zon_I	149	189
6zon_I	190	229
6zon_I	231	283
6zon_I	286	314
6vyc_A	37	77
6vyc_A	79	304
6vyc_A	123	183
6vyc_A	191	229
6vyc_A	233	272
6vyc_A	298	336
6vyc_A	341	372
6p7y_A	45	104
6p7y_A	109	161
6p7y_A	172	261
6p7y_A	268	311
6p7y_A	338	380
6p7y_A	387	426
5a10_A	33	73
5a10_A	86	127
5a10_A	138	182
5a10_A	194	245
5a10_A	259	305
5a10_A	317	353
5gqt_A	168	209
5gqt_A	221	263
5gqt_A	271	310
5gqt_A	321	359
5gqt_A	371	419
5gqt_A	374	468
5gq0_B	25	66
5gq0_B	78	119
5gq0_B	131	174
5gq0_B	186	233
5gq0_B	245	291
5gq0_B	304	339
1jtd_B	26	65
1jtd_B	67	102
1jtd_B	106	144
1jtd_B	145	183
1jtd_B	184	221
1jtd_B	223	257
2uvk_A	12	49
2uvk_A	58	102
2uvk_A	111	186
2uvk_A	193	235
2uvk_A	245	303
2uvk_A	309	349
5nmr_A	76	130
5nmr_A	138	180
5nmr_A	185	223
5nmr_A	223	268
5nmr_A	269	309
5nmr_A	315	362
5nmr_A	368	407
5nmr_A	425	488
5nmr_A	489	531
5nmr_A	534	571
3b7f_A	20	51
3b7f_A	55	97
3b7f_A	114	153
3b7f_A	174	214
3b7f_A	232	267
3b7f_A	280	330
3b7f_A	339	382
6tv2_A	12	44
6tv2_A	46	87
6tv2_A	90	129
6tv2_A	140	179
6tv2_A	182	223
6tv2_A	242	276
6tv2_A	278	319
6tv2_A	322	361
3ba0_A	182	224
3ba0_A	225	262
3ba0_A	273	322
3ba0_A	324	365
1qhu_A	57	96
1qhu_A	99	139
1qhu_A	144	188
1qhu_A	190	232
1qhu_A	260	303
1qhu_A	306	349
1qhu_A	357	399
1qhu_A	401	457
7kyx_A	38	78
7kyx_A	84	130
7kyx_A	133	173
7kyx_A	177	214
7kyx_A	219	266
7kyx_A	270	313
7kyx_A	315	351
5a9q_1	80	134
5a9q_1	139	178
5a9q_1	212	258
5a9q_1	285	324
5a9q_1	343	390
5a9q_1	394	436
5a9q_1	544	572
3scy_A	12	50
3scy_A	53	97
3scy_A	101	144
3scy_A	157	208
3scy_A	213	254
3scy_A	260	304
3scy_A	308	346
3ugf_A	32	78
3ugf_A	89	142
3ugf_A	155	206
3ugf_A	213	266
3ugf_A	285	342
3hxj_A	101	135
3hxj_A	140	176
3hxj_A	178	214
3hxj_A	217	254
3hxj_A	257	293
3hxj_A	295	322
5nop_A	53	113
5nop_A	119	172
5nop_A	181	270
5nop_A	278	320
5nop_A	347	391
5nop_A	395	442
1n7v_A	351	395
1n7v_A	464	504
1n7v_A	519	555
3pbp_A	24	59
3pbp_A	69	116
3pbp_A	126	169
3pbp_A	181	285
3pbp_A	299	356
3pbp_A	360	420
3pbp_A	423	451
4a0k_D	74	114
4a0k_D	119	160
4a0k_D	165	202
4a0k_D	205	248
4a0k_D	251	292
4a0k_D	302	347
4a0k_D	353	380
5gwn_A	66	113
5gwn_A	121	167
5gwn_A	173	229
5gwn_A	249	293
5gwn_A	303	342
5gwn_A	348	395
5o51_A	21	63
5o51_A	65	112
5o51_A	113	178
5o51_A	179	211
5o51_A	229	266
5o51_A	269	304
5o51_A	307	335
3mkq_A	15	54
3mkq_A	45	303
3mkq_A	57	95
3mkq_A	99	137
3mkq_A	142	182
3mkq_A	186	226
3mkq_A	230	269
3mkq_A	304	352
3mkq_A	358	397
3mkq_A	398	427
3mkq_A	434	470
3mkq_A	471	534
3mkq_A	534	572
3mkq_A	573	599
5cww_B	47	112
5cww_B	117	165
5cww_B	175	220
5cww_B	254	374
5cww_B	388	480
5cww_B	490	555
5cww_B	564	592
6ven_M	28	65
6ven_M	75	115
6ven_M	117	153
6ven_M	171	212
6ven_M	216	262
6ven_M	268	310
6ven_M	314	343
5v1d_A	9	39
5v1d_A	217	244
3c75_H	85	119
3c75_H	121	168
3c75_H	176	218
3c75_H	222	258
3c75_H	267	305
3c75_H	322	368
3c75_H	371	413
1maf_H	33	66
1maf_H	68	118
1maf_H	124	166
1maf_H	169	205
1maf_H	214	255
1maf_H	268	316
1maf_H	321	359
1mda_H	32	65
1mda_H	67	114
1mda_H	127	164
1mda_H	169	203
1mda_H	214	249
1mda_H	267	313
1mda_H	316	356
7cm1_B	37	95
7cm1_B	96	137
7cm1_B	146	188
7cm1_B	197	238
7cm1_B	269	316
7cm1_B	323	365
4irt_A	24	65
4irt_A	73	115
4irt_A	125	169
4irt_A	177	223
4irt_A	253	296
4irt_A	317	359
4irt_A	366	410
4ci8_A	75	110
4ci8_A	114	161
4ci8_A	166	209
4ci8_A	213	250
4ci8_A	260	297
4ci8_A	303	340
4ci8_A	346	381
4ci8_A	385	424
4ci8_A	426	466
4ci8_A	468	510
4ci8_A	514	550
4ci8_A	581	622
4ci8_A	626	655
4m8r_B	118	147
4m8r_B	152	191
4m8r_B	196	244
4m8r_B	258	297
4m8r_B	300	366
4m8r_B	368	408
6tbl_E	19	60
6tbl_E	64	105
6tbl_E	108	150
6tbl_E	153	196
6tbl_E	199	253
6tbl_E	257	304
6tbl_E	309	338
4nox_A	166	199
4nox_A	202	238
4nox_A	240	295
4nox_A	316	353
4nox_A	356	410
4nox_A	411	462
4nox_A	463	519
4nox_A	524	579
4nox_A	582	624
5oql_A	17	52
5oql_A	58	95
5oql_A	99	149
5oql_A	153	194
5oql_A	197	252
5oql_A	257	296
5oql_A	299	338
5oql_A	343	380
5oql_A	385	423
5oql_A	427	466
5oql_A	470	509
5oql_A	512	551
5oql_A	575	612
5oql_A	675	703
5amo_A	229	278
5amo_A	285	322
5amo_A	337	379
5amo_A	386	422
5amo_A	433	461
4i00_A	37	96
4i00_A	98	137
4i00_A	142	188
4i00_A	197	236
4i00_A	268	318
4i00_A	323	369
1pby_B	1	31
1pby_B	35	75
1pby_B	84	133
1pby_B	136	173
1pby_B	182	239
1pby_B	242	278
1pby_B	281	320
7qp6_1	303	336
7qp6_1	339	374
7qp6_1	376	420
7qp6_1	425	466
7qp6_1	468	510
7qp6_1	512	563
7qp6_1	565	608
7qp6_1	610	651
7qp6_1	654	697
3fm0_A	18	58
3fm0_A	63	103
3fm0_A	107	148
3fm0_A	151	193
3fm0_A	196	249
3fm0_A	254	300
3fm0_A	306	335
5tee_A	37	81
5tee_A	85	127
5tee_A	130	169
5tee_A	173	213
5tee_A	216	286
5tee_A	304	344
5tee_A	356	398
5tee_A	399	443
5tee_A	448	485
5tee_A	492	540
5tee_A	557	596
5tee_A	600	657
5tee_A	661	699
5tee_A	703	732
4ftd_A	139	180
4ftd_A	191	235
4ftd_A	247	292
4ftd_A	298	336
4ftd_A	341	403
4ftd_A	410	449
4j87_A	13	53
4j87_A	55	95
4j87_A	97	136
4j87_A	140	212
4j87_A	214	255
4j87_A	258	298
4j87_A	300	327
6p2k_B	16	55
6p2k_B	59	96
6p2k_B	101	159
6p2k_B	165	203
6p2k_B	209	256
6p2k_B	267	316
6p2k_B	334	376
6p2k_B	384	435
6p2k_B	445	500
6p2k_B	510	561
6p2k_B	569	613
6p2k_B	617	666
6p2k_B	693	737
6p2k_B	742	772
7bid_A	5	32
7bid_A	35	73
7bid_A	76	114
7bid_A	117	155
7bid_A	158	196
7bid_A	199	237
7bid_A	241	278
5wyj_BD	252	291
5wyj_BD	296	327
5wyj_BD	357	401
5wyj_BD	409	449
5wyj_BD	456	513
5wyj_BD	516	556
5wyj_BD	564	591
5afb_A	134	182
5afb_A	188	224
5afb_A	242	283
5afb_A	290	334
4o9x_A	428	475
4o9x_A	484	523
4o9x_A	588	631
4o9x_A	642	685
4o9x_A	692	725
6zyw_D	294	348
6zyw_D	350	380
6zyw_D	398	461
6zyw_D	461	499
6zyw_D	503	541
6zyw_D	546	585
6zyw_D	590	613
5yje_B	47	94
5yje_B	95	131
5yje_B	135	171
5yje_B	181	217
6zpn_B	1185	1223
6zpn_B	1231	1275
6zpn_B	1286	1323
6zpn_B	1328	1370
6zpn_B	1375	1415
6zpn_B	1418	1456
6zpn_B	1466	1496
3bws_A	124	161
3bws_A	170	210
3bws_A	213	252
3bws_A	254	302
3bws_A	303	344
3bws_A	346	401
3bws_A	403	433
5i2t_A	42	76
5i2t_A	83	121
5i2t_A	124	169
5i2t_A	173	214
5i2t_A	218	283
5i2t_A	287	326
5i2t_A	329	368
1tye_A	18	72
1tye_A	93	146
1tye_A	169	224
1tye_A	235	283
1tye_A	289	350
1tye_A	357	411
1tye_A	419	452
4qrj_B	5	43
4qrj_B	46	91
4qrj_B	95	136
4qrj_B	150	192
4qrj_B	199	240
4qrj_B	247	291
4qrj_B	295	334
6zcv_A	87	124
6zcv_A	137	173
6zcv_A	182	244
6zcv_A	264	317
6zcv_A	328	371
6zcv_A	419	487
6zcv_A	494	531
6zcv_A	536	584
1flg_A	63	98
1flg_A	110	151
1flg_A	158	204
1flg_A	249	311
1flg_A	321	366
1flg_A	416	486
1flg_A	490	527
1flg_A	533	582
1v0e_A	79	134
1v0e_A	140	276
1v0e_A	278	327
1v0e_A	337	380
1v0e_A	385	447
1v0e_A	456	510
4fhl_A	19	69
4fhl_A	73	132
4fhl_A	139	186
4fhl_A	190	243
4fhl_A	256	314
4fhl_A	319	359
4fhl_A	363	391
5m8b_A	38	82
5m8b_A	95	150
5m8b_A	161	208
5m8b_A	224	272
5m8b_A	287	327
2qc5_A	22	58
2qc5_A	62	99
2qc5_A	105	142
2qc5_A	148	183
2qc5_A	190	225
2qc5_A	232	268
2qc5_A	273	299
2ism_A	33	69
2ism_A	77	126
2ism_A	136	182
2ism_A	202	266
2ism_A	269	312
2ism_A	317	352
1vyh_D	110	149
1vyh_D	152	191
1vyh_D	194	232
1vyh_D	237	276
1vyh_D	278	337
1vyh_D	340	379
1vyh_D	383	408
5k19_B	47	97
5k19_B	101	144
5k19_B	151	220
5k19_B	222	261
5k19_B	264	302
5k19_B	306	531
5k19_B	536	561
3kci_A	55	99
3kci_A	107	153
3kci_A	160	255
3kci_A	212	259
3kci_A	267	311
3kci_A	319	363
1gyh_A	10	46
1gyh_A	67	118
1gyh_A	130	177
1gyh_A	194	253
1gyh_A	263	312
7d5t_A5	4	35
7d5t_A5	59	103
7d5t_A5	107	144
7d5t_A5	148	186
7d5t_A5	190	229
7d5t_A5	231	284
7d5t_A5	292	321
2wft_B	16	56
2wft_B	70	136
2wft_B	140	216
2wft_B	278	322
2wft_B	336	373
6bly_B	136	175
6bly_B	178	215
6bly_B	219	258
6bly_B	263	301
6bly_B	305	345
6bly_B	349	387
6bly_B	386	420
6fb3_A	316	351
6fb3_A	363	408
6fb3_A	434	466
6fb3_A	492	529
6fb3_A	553	592
6fb3_A	621	648
6fay_A	341	375
6fay_A	382	426
6fay_A	451	486
6fay_A	512	546
6fay_A	570	610
6fay_A	640	666
3s8v_B	11	41
3s8v_B	43	82
3s8v_B	87	126
3s8v_B	129	170
3s8v_B	172	212
3s8v_B	214	254
3s8v_B	312	343
3s8v_B	346	384
3s8v_B	394	433
3s8v_B	439	479
3s8v_B	483	523
3s8v_B	526	565
7k1r_A	15	54
7k1r_A	74	123
7k1r_A	127	179
7k1r_A	187	235
7k1r_A	248	306
4kca_A	128	162
4kca_A	219	268
4kca_A	308	372
4kca_A	377	456
4kca_A	476	521
5ho2_A	56	89
5ho2_A	123	183
5ho2_A	238	297
5ho2_A	306	372
5ho2_A	395	440
4zco_A	11	46
4zco_A	53	87
1rwi_B	26	64
1rwi_B	68	107
1rwi_B	109	147
1rwi_B	151	190
1rwi_B	193	232
1rwi_B	236	264
6n8p_A	24	61
6n8p_A	65	108
6n8p_A	121	159
6n8p_A	179	220
6n8p_A	222	263
6n8p_A	272	317
6n8p_A	320	364
6n8p_A	375	454
6n8p_A	495	576
6n8p_A	579	616
6n8p_A	702	759
6n8p_A	764	824
6n8p_A	832	879
6n8p_A	888	913
4uf7_A	41	88
4uf7_A	102	153
4uf7_A	162	246
4uf7_A	255	296
4uf7_A	323	366
4uf7_A	369	413
4d9s_A	15	63
4d9s_A	70	114
4d9s_A	123	168
4d9s_A	175	220
4d9s_A	227	271
4d9s_A	279	324
4d9s_A	331	375
6jt5_A	33	74
6jt5_A	77	119
6jt5_A	125	190
6jt5_A	194	299
6jt5_A	302	367
6jt5_A	382	410
5uw7_A	106	152
5uw7_A	158	200
5uw7_A	206	258
5uw7_A	263	322
5uw7_A	324	367
5uw7_A	369	412
5uw7_A	414	459
3kvp_A	20	62
2hkm_A	14	52
2hkm_A	53	100
2hkm_A	108	150
2hkm_A	155	194
2hkm_A	204	243
2hkm_A	257	305
2hkm_A	306	347
4j9t_A	19	75
4j9t_A	80	143
4j9t_A	153	207
4j9t_A	213	254
4j9t_A	264	319
4j9t_A	321	351
3g0g_D	123	160
3g0g_D	186	263
3g0g_D	270	325
3g0g_D	333	374
3g0g_D	378	421
3g0g_D	429	470
3ww8_A	19	89
3ww8_A	60	97
3ww8_A	102	129
7wb4_p	98	138
7wb4_p	146	193
7wb4_p	199	237
7wb4_p	265	302
7wb4_p	328	381
7wb4_p	394	435
7wb4_p	440	466
5tf2_A	33	85
5tf2_A	90	166
5tf2_A	175	214
5tf2_A	217	249
5tf2_A	262	318
5tf2_A	321	357
5tf2_A	364	402
1lrw_A	58	93
1lrw_A	109	150
1lrw_A	161	200
1lrw_A	245	299
1lrw_A	309	353
1lrw_A	397	473
1lrw_A	477	512
1lrw_A	520	589
4u1e_I	12	51
4u1e_I	54	92
4u1e_I	95	149
4u1e_I	155	194
4u1e_I	198	237
4u1e_I	240	291
4u1e_I	295	324
5nnz_B	94	132
5nnz_B	137	175
5nnz_B	180	218
5nnz_B	221	259
5nnz_B	262	303
5nnz_B	305	343
5nnz_B	347	385
5nnz_B	389	415
7mq8_LT	85	122
7mq8_LT	127	161
7mq8_LT	164	201
7mq8_LT	207	245
7mq8_LT	249	288
7mq8_LT	291	330
7mq8_LT	335	378
7mq8_LT	381	421
7mq8_LT	444	487
7mq8_LT	496	533
7mq8_LT	542	580
7mq8_LT	582	620
7mq8_LT	624	664
7mq8_LT	665	695
5mzh_A	96	134
5mzh_A	139	177
5mzh_A	182	219
5mzh_A	223	261
5mzh_A	265	303
5mzh_A	308	345
5mzh_A	349	387
5mzh_A	391	420
7wkk_O	157	195
7wkk_O	199	226
7wkk_O	250	289
7wkk_O	293	331
7wkk_O	334	363
7wkk_O	400	452
7wkk_O	458	490
5txc_A	59	106
5txc_A	128	167
5txc_A	172	259
5txc_A	259	297
5txc_A	303	348
5txc_A	349	389
1jof_A	1	37
1jof_A	42	81
1jof_A	94	141
1jof_A	147	188
1jof_A	195	239
1jof_A	254	304
1jof_A	310	353
4x3e_A	21	67
4x3e_A	73	114
4x3e_A	118	157
4x3e_A	165	229
4x3e_A	235	285
4x3e_A	291	332
4x3e_A	338	365
7enj_P	34	78
7enj_P	83	126
7enj_P	130	205
7enj_P	212	262
7enj_P	278	312
6jci_A	109	152
6jci_A	159	204
6jci_A	209	263
6jci_A	268	319
6jci_A	324	367
6jci_A	371	413
6jci_A	415	461
4ch9_A	5	37
4ch9_A	45	83
4ch9_A	91	129
4ch9_A	138	178
4ch9_A	187	226
4ch9_A	234	272
4ci1_A	32	75
4ci1_A	79	126
4ci1_A	138	177
4ci1_A	182	227
4ci1_A	233	268
4ci1_A	275	326
4ci1_A	328	369
4ci1_A	376	735
4ci1_A	425	466
4ci1_A	474	510
4ci1_A	515	552
4ci1_A	556	601
4ci1_A	605	649
4ci1_A	654	690
4ci1_A	694	722
4ci1_A	737	827
4ci1_A	828	885
4ci1_A	888	926
4ci1_A	928	968
4ci1_A	971	1018
6yw7_C	10	49
6yw7_C	56	91
6yw7_C	100	138
6yw7_C	146	200
6yw7_C	206	244
6yw7_C	249	285
6yw7_C	327	358
3jcr_L	232	271
3jcr_L	275	320
3jcr_L	324	361
3jcr_L	367	403
3jcr_L	408	445
3jcr_L	450	488
3jcr_L	493	518
5gan_H	177	214
5gan_H	220	261
5gan_H	267	305
5gan_H	310	347
5gan_H	351	392
5gan_H	396	435
5gan_H	439	465
2uzx_B	30	66
2uzx_B	95	140
2uzx_B	158	208
2uzx_B	225	278
2uzx_B	290	407
2uzx_B	417	460
2uzx_B	466	494
5f75_C	132	194
5f75_C	204	248
5f75_C	312	353
5f75_C	380	424
5f75_C	435	479
5f75_C	480	523
4wjs_A	116	157
4wjs_A	159	200
4wjs_A	203	247
4wjs_A	250	290
4wjs_A	292	370
4wjs_A	374	412
4wjs_A	416	455
4wjs_A	459	485
2oaj_A	20	56
2oaj_A	60	97
2oaj_A	100	139
2oaj_A	153	191
2oaj_A	214	252
2oaj_A	274	340
2oaj_A	344	389
2oaj_A	404	476
2oaj_A	491	573
2oaj_A	577	615
2oaj_A	625	679
2oaj_A	683	741
2oaj_A	743	792
2oaj_A	797	829
6eoq_A	53	109
6eoq_A	139	180
6eoq_A	190	227
6eoq_A	234	339
6eoq_A	349	415
6eoq_A	424	490
6eoq_A	502	545
6eoq_A	546	579
3jbw_B	20	63
3jbw_B	77	130
3jbw_B	142	199
3jbw_B	209	255
3jbw_B	263	305
3jbw_B	320	354
2htv_A	39	95
2htv_A	97	137
2htv_A	143	188
2htv_A	197	236
2htv_A	268	318
2htv_A	323	368
5c0p_A	29	66
5c0p_A	81	124
5c0p_A	137	184
5c0p_A	205	253
5c0p_A	260	292
6o5e_A	8	50
6o5e_A	54	100
6o5e_A	102	154
6o5e_A	156	204
7bj4_A	41	104
7bj4_A	110	176
7bj4_A	197	261
7bj4_A	269	323
7bj4_A	334	401
2p9w_A	15	53
2p9w_A	62	120
2p9w_A	138	178
2p9w_A	186	224
2p9w_A	235	276
2p9w_A	284	321
4wjl_B	20	57
4wjl_B	63	106
4wjl_B	115	150
4wjl_B	156	244
4wjl_B	254	301
4wjl_B	307	357
4wjl_B	360	402
4wjl_B	413	453
1w18_A	68	223
1w18_A	157	230
1w18_A	243	333
1w18_A	339	397
1w18_A	424	466
6rxy_UM	32	59
6rxy_UM	65	90
6rxy_UM	114	145
6rxy_UM	155	221
6rxy_UM	234	258
6rxy_UM	277	309
6rxy_UM	321	349
6rxy_UM	384	412
6rxy_UM	435	463
6rxy_UM	480	525
6rxy_UM	547	584
6rxy_UM	590	640
6rxy_UM	645	691
6rxy_UM	696	722
3c2u_C	13	55
3c2u_C	72	123
3c2u_C	126	179
3c2u_C	185	233
3c2u_C	246	308
6b3x_A	37	99
6b3x_A	103	143
6b3x_A	146	183
6b3x_A	191	230
6b3x_A	235	274
6b3x_A	283	321
6b3x_A	326	354
7apk_F	34	66
7apk_F	78	117
7apk_F	129	166
7apk_F	170	208
7apk_F	222	257
7apk_F	260	296
7apk_F	300	341
4h5j_B	16	70
4h5j_B	76	127
4h5j_B	135	176
4h5j_B	179	216
4h5j_B	219	268
4h5j_B	271	311
4h5j_B	314	343
4d0k_A	27	67
4d0k_A	72	107
4d0k_A	111	150
4d0k_A	153	188
4d0k_A	191	239
4d0k_A	243	283
4d0k_A	286	315
7kqq_A	21	63
7kqq_A	67	106
7kqq_A	111	148
7kqq_A	151	191
7kqq_A	193	233
7kqq_A	236	276
7kqq_A	278	305
5uam_A	44	80
5uam_A	101	155
5uam_A	164	208
5uam_A	215	296
5uam_A	302	352
5uam_A	360	409
5uam_A	411	450
4x61_B	32	89
4x61_B	91	131
4x61_B	136	173
4x61_B	178	215
4x61_B	222	262
4x61_B	265	304
4x61_B	308	336
6l8q_A	19	52
6l8q_A	63	107
6l8q_A	112	151
6l8q_A	155	246
6l8q_A	255	308
6l8q_A	316	358
6l8q_A	362	406
6l8q_A	414	455
4yw0_A	205	262
4yw0_A	286	439
4yw0_A	453	496
4yw0_A	501	542
4yw0_A	553	605
4yw0_A	611	651
4xe9_A	204	260
4xe9_A	285	439
4xe9_A	291	607
4xe9_A	454	496
4xe9_A	501	543
4xe9_A	613	653
2sli_A	210	266
2sli_A	290	446
2sli_A	454	507
2sli_A	514	556
2sli_A	563	626
2sli_A	631	671
4x49_A	20	72
4x49_A	100	256
4x49_A	264	315
4x49_A	323	365
4x49_A	375	435
4x49_A	441	481
7w5z_BP	31	77
7w5z_BP	86	113
7w5z_BP	156	202
7w5z_BP	214	266
7w5z_BP	274	311
7w5z_BP	316	341
4raa_A	42	86
4raa_A	88	129
4raa_A	132	178
4raa_A	187	226
4raa_A	254	293
4raa_A	306	360
5j53_A	35	83
5j53_A	120	155
5j53_A	166	211
5j53_A	218	278
5j53_A	285	348
5j53_A	353	411
5j53_A	414	469
4unm_B	38	84
4unm_B	91	250
4unm_B	260	300
4unm_B	311	351
4unm_B	363	411
4unm_B	418	462
4unm_B	472	512
7kts_S	13	59
7kts_S	62	108
7kts_S	118	160
7kts_S	164	228
7kts_S	232	271
7kts_S	286	333
7kts_S	335	362
7kts_S	406	442
7kts_S	455	502
7kts_S	505	540
7kts_S	544	582
7kts_S	586	633
7kts_S	636	691
7kts_S	698	734
7kts_S	784	882
7kts_S	885	946
7kts_S	949	985
7kts_S	989	1028
7kts_S	1033	1067
7kts_S	1100	1130
4j0x_A	34	95
4j0x_A	117	156
4j0x_A	161	198
4j0x_A	202	239
4j0x_A	279	320
4j0x_A	352	395
4j0x_A	397	448
5hrm_B	50	106
5hrm_B	114	177
5hrm_B	170	216
5hrm_B	226	298
5hrm_B	301	346
5hrm_B	388	431
5hrm_B	458	485
7qrw_A	25	63
7qrw_A	72	109
7qrw_A	114	151
7qrw_A	161	199
7qrw_A	208	243
7qrw_A	252	281
2yms_.	1	38
2yms_.	50	86
2yms_.	91	126
1gjq_A	149	178
1gjq_A	180	220
1gjq_A	221	266
1gjq_A	282	322
1gjq_A	326	364
1gjq_A	371	418
1gjq_A	424	466
1gjq_A	479	524
3qqz_A	28	67
3qqz_A	72	112
3qqz_A	122	170
3qqz_A	174	217
3qqz_A	225	251
4zb4_A	48	95
4zb4_A	102	141
4zb4_A	145	222
4zb4_A	190	229
4zb4_A	232	270
4zb4_A	279	317
4zb4_A	331	360
6xm6_A	37	81
6xm6_A	120	154
6xm6_A	167	211
6xm6_A	216	279
6xm6_A	283	348
6xm6_A	354	410
6xm6_A	414	468
4a9v_A	68	145
4a9v_A	178	265
4a9v_A	272	329
4a9v_A	386	452
4a9v_A	478	527
4a9v_A	530	579
7wkk_F	99	135
7wkk_F	140	204
7wkk_F	208	250
7wkk_F	273	313
7wkk_F	336	387
7wkk_F	401	450
7oqb_P	70	119
7oqb_P	124	179
7oqb_P	191	233
7oqb_P	234	288
7oqb_P	292	350
7oqb_P	365	411
7oqb_P	416	483
7oqb_P	489	517
7oqb_P	530	571
7oqb_P	587	624
7oqb_P	631	668
7oqb_P	676	723
7oqb_P	725	771
7oqb_P	923	976
7oqb_P	979	1027
7oqb_P	1032	1067
7oqb_P	1073	1112
7oqb_P	1117	1197
7oqb_P	1198	1229
3kvc_A	131	169
3kvc_A	179	231
3kvc_A	240	308
3kvc_A	311	411
3kvc_A	413	462
3kvc_A	468	519
6mly_A	33	72
6mly_A	98	139
6mly_A	143	176
6mly_A	201	241
6mly_A	252	291
5h64_b	787	814
5h64_b	1034	1061
5h64_b	1069	1122
5h64_b	1126	1166
5h64_b	1168	1195
5h64_b	1227	1251
7ohs_5	1	42
7ohs_5	47	75
7ohs_5	140	184
7ohs_5	187	233
7ohs_5	248	298
7ohs_5	303	356
7ohs_5	364	403
3zw0_A	1	41
3zw0_A	43	85
5efv_B	176	218
5efv_B	223	268
5efv_B	276	331
5efv_B	340	382
5efv_B	396	435
3hfq_A	1	39
3hfq_A	41	84
3hfq_A	87	129
3hfq_A	143	185
3hfq_A	188	231
3hfq_A	240	283
3hfq_A	289	329
7mq8_NW	51	93
7mq8_NW	96	135
7mq8_NW	137	174
7mq8_NW	178	216
7mq8_NW	233	270
7mq8_NW	275	312
7mq8_NW	314	342
5hy7_A	21	66
5hy7_A	69	115
5hy7_A	125	167
5hy7_A	171	235
5hy7_A	238	277
5hy7_A	292	349
5hy7_A	351	379
5hy7_A	424	794
5hy7_A	475	515
5hy7_A	521	559
5hy7_A	562	598
5hy7_A	606	653
5hy7_A	656	704
5hy7_A	708	746
5hy7_A	751	779
5hy7_A	797	878
5hy7_A	880	942
5hy7_A	944	983
5hy7_A	985	1023
5hy7_A	1028	1092
5hy7_A	1097	1126
1st8_A	20	72
1st8_A	78	130
1st8_A	144	196
1st8_A	201	255
1st8_A	275	331
1y4w_A	20	71
1y4w_A	79	149
1y4w_A	169	213
1y4w_A	219	287
1y4w_A	295	353
3was_A	68	113
3was_A	125	183
3was_A	191	245
3was_A	252	304
3was_A	323	355
4asc_A	1	32
4asc_A	36	83
4asc_A	91	133
4asc_A	141	180
4asc_A	189	228
4asc_A	236	286
6mnj_A	198	253
6mnj_A	268	331
6mnj_A	339	390
6mnj_A	394	434
6mnj_A	448	499
6mnj_A	501	538
6rgo_A	1	41
6rgo_A	50	92
6rgo_A	96	133
6rgo_A	151	200
6rgo_A	204	246
6rgo_A	254	343
6rgo_A	356	392
4q1v_A	25	59
4q1v_A	78	113
4q1v_A	119	233
4q1v_A	150	233
4q1v_A	239	288
4q1v_A	295	351
4q1v_A	357	403
4q1v_A	404	448
7ne7_A	73	116
7ne7_A	126	172
7ne7_A	175	220
7ne7_A	223	269
7ne7_A	271	313
7ne7_A	316	354
7ne7_A	358	405
2w5n_A	29	76
2w5n_A	86	144
2w5n_A	156	204
2w5n_A	208	264
2w5n_A	275	317
2w5n_A	324	362
6f1j_B	47	97
6f1j_B	103	148
6f1j_B	160	206
6f1j_B	213	257
6f1j_B	278	325
4psx_B	38	117
4psx_B	121	158
4psx_B	163	205
4psx_B	211	250
4psx_B	254	294
4psx_B	298	349
4psx_B	355	384
7m3x_A	40	119
7m3x_A	122	171
7m3x_A	175	221
7m3x_A	225	268
7m3x_A	270	310
7m3x_A	314	366
7m3x_A	371	400
1xks_A	41	80
1xks_A	88	137
1xks_A	145	182
1xks_A	210	247
1xks_A	274	328
1xks_A	340	381
1xks_A	387	413
5l56_A	16	51
5l56_A	80	117
5l56_A	132	186
5l56_A	209	270
5l56_A	272	396
5l56_A	399	444
5l56_A	453	478
7egg_E	473	542
7egg_E	546	585
7egg_E	587	626
7egg_E	629	668
7egg_E	671	710
7egg_E	713	775
5o9z_w	15	57
5o9z_w	64	105
5o9z_w	119	160
5o9z_w	168	226
5o9z_w	233	270
5o9z_w	288	331
5o9z_w	337	363
5o9z_w	404	442
5o9z_w	457	496
5o9z_w	505	537
5o9z_w	545	580
5o9z_w	588	630
5o9z_w	638	692
5o9z_w	699	735
5o9z_w	740	767
5o9z_w	786	884
5o9z_w	888	945
5o9z_w	950	985
5o9z_w	991	1027
5o9z_w	1034	1067
5o9z_w	1102	1132
6rw8_A	1079	1135
6rw8_A	1144	1200
6rw8_A	1212	1261
1xip_A	40	87
1xip_A	90	125
1xip_A	129	164
1xip_A	165	201
1xip_A	214	263
1xip_A	278	320
1xip_A	337	382
2dg1_A	45	83
2dg1_A	88	133
2dg1_A	136	181
2dg1_A	184	229
2dg1_A	232	272
2dg1_A	280	324
6c7p_B	46	94
6c7p_B	135	170
6c7p_B	182	233
6c7p_B	239	299
6c7p_B	301	414
6c7p_B	371	419
6c7p_B	427	476
7ktr_B	271	340
7ktr_B	344	384
7ktr_B	386	425
7ktr_B	429	467
7ktr_B	470	509
7ktr_B	512	562
7ktr_B	565	585
4n14_A	24	61
4n14_A	65	105
4n14_A	107	145
4n14_A	148	191
4n14_A	195	237
4n14_A	239	278
4n14_A	282	310
6rtd_B	147	177
6rtd_B	182	218
6rtd_B	220	260
6rtd_B	269	310
6rtd_B	313	352
6rtd_B	359	398
6rtd_B	403	443
6rtd_B	447	489
6x04_E	33	69
6x04_E	83	145
6x04_E	154	197
6x04_E	213	260
6x04_E	278	330
6x04_E	344	397
6x04_E	401	428
1k32_A	16	51
1k32_A	52	96
1k32_A	108	149
1k32_A	154	202
1k32_A	208	243
1k32_A	249	280
1k32_A	294	334
1k32_A	338	375
1k32_A	380	418
1k32_A	424	468
1k32_A	476	553
1k32_A	559	608
1k32_A	609	646
7f69_A	7	47
7f69_A	50	89
7f69_A	93	128
7f69_A	133	177
7f69_A	179	219
7f69_A	224	300
7f69_A	305	350
4hdj_A	44	80
4hdj_A	84	119
4hdj_A	124	160
4hdj_A	221	256
4hdj_A	258	294
4hdj_A	300	335
4hdj_A	340	365
6yew_A	1066	1122
6yew_A	1131	1184
6yew_A	1193	1238
6yew_A	1545	1570
4o9y_A	1091	1147
4o9y_A	1158	1216
4o9y_A	1231	1279
4ruq_B	10	42
4ruq_B	44	77
4ruq_B	78	121
4ruq_B	123	163
4ruq_B	166	211
4ruq_B	212	237
7bgb_K	172	198
7bgb_K	225	269
7bgb_K	279	317
7bgb_K	327	365
7bgb_K	370	409
7bgb_K	415	441
7bgb_K	465	485
6lk8_D	14	55
6lk8_D	59	111
6lk8_D	116	161
6lk8_D	166	215
6lk8_D	221	276
6lk8_D	280	322
1fwx_A	13	45
1fwx_A	87	131
1fwx_A	136	195
1fwx_A	197	275
1fwx_A	279	327
1fwx_A	333	382
1fwx_A	384	445
7cqy_C	103	138
7cqy_C	143	206
7cqy_C	209	245
7cqy_C	252	286
7cqy_C	296	341
7cqy_C	352	389
7cqy_C	400	433
7cqy_C	439	466
2ojh_A	43	78
2ojh_A	88	125
2ojh_A	129	170
2ojh_A	175	214
2ojh_A	217	269
6rwa_A	963	1021
6rwa_A	1026	1084
6rwa_A	1100	1148
1qks_A	165	195
1qks_A	198	285
1qks_A	239	285
1qks_A	300	341
1qks_A	344	382
1qks_A	388	438
1qks_A	443	491
1qks_A	502	548
3om2_A	63	123
3om2_A	140	201
3om2_A	226	316
3om2_A	325	384
3om2_A	394	443
6t9i_D	472	523
6t9i_D	527	566
6t9i_D	570	608
6t9i_D	611	649
6t9i_D	654	692
6t9i_D	696	775
5i5i_B	63	95
5i5i_B	124	167
5i5i_B	170	231
5i5i_B	233	314
5i5i_B	317	366
5i5i_B	371	418
5i5i_B	421	482
3iz6_a	68	107
3iz6_a	110	154
3iz6_a	160	198
3iz6_a	207	247
3iz6_a	252	289
3iz6_a	301	338
3iz6_a	347	376
4u7a_A	458	498
4u7a_A	507	612
4u7a_A	615	653
4u7a_A	661	699
4u7a_A	702	740
4u7a_A	745	791
4u7a_A	799	826
6n9g_C	65	106
6n9g_C	108	152
6n9g_C	155	195
6n9g_C	198	238
6n9g_C	242	281
6n9g_C	285	323
6n9g_C	327	353
7apk_C	101	141
7apk_C	145	185
7apk_C	188	226
7apk_C	230	266
7apk_C	270	309
7apk_C	312	352
7apk_C	354	391
4hvt_A	72	117
4hvt_A	127	171
4hvt_A	187	237
4hvt_A	239	335
4hvt_A	291	346
4hvt_A	347	393
4hvt_A	396	438
1z68_A	17	53
1z68_A	62	110
1z68_A	111	148
1z68_A	152	243
1z68_A	252	304
1z68_A	313	352
1z68_A	358	402
1z68_A	411	453
7woo_D	170	207
7woo_D	211	260
7woo_D	269	316
7woo_D	355	395
7woo_D	420	468
7woo_D	522	599
7woo_D	605	653
2ya4_B	45	100
2ya4_B	114	254
2ya4_B	264	322
2ya4_B	345	392
2ya4_B	397	448
2ya4_B	451	487
3s9j_A	29	71
3s9j_A	81	118
3s9j_A	136	180
3s9j_A	199	237
3s9j_A	265	322
3s9j_A	329	365
6zyw_E	161	215
6zyw_E	218	257
6zyw_E	265	292
6zyw_E	317	357
6zyw_E	370	407
6zyw_E	412	452
6zyw_E	456	491
1cru_A	28	66
1cru_A	77	137
1cru_A	145	227
1cru_A	230	326
1cru_A	351	404
1cru_A	407	450
4fhn_D	174	211
4fhn_D	242	278
4fhn_D	290	332
4fhn_D	346	398
4fhn_D	523	550
6ke6_A4	45	94
6ke6_A4	98	139
6ke6_A4	144	184
6ke6_A4	189	231
6ke6_A4	241	278
6ke6_A4	282	328
6ke6_A4	332	374
6ke6_A4	380	405
6ke6_A4	428	466
6ke6_A4	474	503
6ke6_A4	531	565
6ke6_A4	570	597
6ke6_A4	633	666
6fkm_A	50	87
6fkm_A	113	153
6fkm_A	162	215
6fkm_A	236	294
6fkm_A	301	419
6fkm_A	421	464
6fkm_A	473	497
2hes_X	16	54
2hes_X	60	89
2hes_X	109	151
2hes_X	155	194
2hes_X	200	247
2hes_X	253	291
2hes_X	298	326
7peq_AI	12	51
7peq_AI	76	120
7peq_AI	135	171
7peq_AI	174	215
7peq_AI	219	261
7peq_AI	263	293
7peq_AI	352	378
6u42_5L	18	54
6u42_5L	58	101
6u42_5L	105	145
6u42_5L	149	189
6u42_5L	196	233
6u42_5L	241	267
6u42_5L	342	381
6u42_5L	383	423
6u42_5L	427	467
6u42_5L	471	510
6u42_5L	513	552
6u42_5L	556	593
6u42_5L	597	624
3ii7_A	10	42
3ii7_A	47	87
3ii7_A	94	133
3ii7_A	142	185
3ii7_A	192	231
3ii7_A	238	279
7wh1_A	53	98
7wh1_A	147	183
7wh1_A	189	247
7wh1_A	257	322
7wh1_A	328	382
7wh1_A	428	477
7wh1_A	480	534
7qep_RA	20	65
7qep_RA	69	106
7qep_RA	112	146
7qep_RA	158	195
7qep_RA	219	260
7qep_RA	261	297
7qep_RA	307	332
1vkd_A	52	101
1vkd_A	118	160
1vkd_A	164	214
1vkd_A	222	279
1vkd_A	292	326
5yzg_2	114	166
5yzg_2	170	219
5yzg_2	231	267
5yzg_2	272	310
5yzg_2	317	354
5yzg_2	363	401
5yzg_2	405	423
5n4f_A	83	135
5n4f_A	141	199
5n4f_A	203	254
5n4f_A	260	309
5n4f_A	312	354
5n4f_A	359	400
5n4f_A	402	448
7ep9_G	13	61
7ep9_G	65	116
7ep9_G	119	200
7ep9_G	204	252
7ep9_G	253	298
7ep9_G	316	351
7ep9_G	354	382
5hx0_A	55	119
5hx0_A	125	187
5hx0_A	209	258
5hx0_A	261	307
5hx0_A	311	360
5hx0_A	368	402
2gop_B	13	60
2gop_B	62	104
2gop_B	106	172
2gop_B	173	217
2gop_B	219	258
2gop_B	264	301
2gop_B	302	338
7fip_A	34	98
7fip_A	104	154
7fip_A	159	202
7fip_A	209	263
7fip_A	277	308
3nol_A	42	85
3nol_A	89	125
3nol_A	128	165
3nol_A	174	211
3nol_A	226	256
6lml_B	69	106
6lml_B	111	151
6lml_B	158	192
6lml_B	198	235
6lml_B	239	278
6lml_B	283	320
6lml_B	327	351
4hw6_A	141	178
4hw6_A	183	227
4hw6_A	231	269
4hw6_A	274	319
4hw6_A	336	381
4hw6_A	403	433
6rg2_A	34	79
6rg2_A	83	126
6rg2_A	130	174
6rg2_A	177	222
6rg2_A	227	270
6rg2_A	274	318
6rg2_A	322	363
5c9o_A	27	72
5c9o_A	77	120
5c9o_A	124	168
5c9o_A	171	216
5c9o_A	220	263
5c9o_A	268	310
5c9o_A	315	357
1r5m_A	48	97
1r5m_A	110	148
1r5m_A	151	190
1r5m_A	206	245
1r5m_A	250	286
1r5m_A	292	329
1r5m_A	333	389
1r5m_A	396	425
5igo_C	34	80
5igo_C	84	123
5igo_C	126	165
5igo_C	168	208
5igo_C	213	249
5igo_C	255	291
5igo_C	307	336
5hqg_A	54	100
5hqg_A	104	143
5hqg_A	146	187
5hqg_A	189	228
5hqg_A	232	270
5hqg_A	276	311
5hqg_A	331	362
6v4u_C	45	83
6v4u_C	87	130
6v4u_C	135	171
6v4u_C	177	213
6v4u_C	227	257
6v4u_C	282	314
6v4u_C	326	353
6v4u_C	408	431
6dlo_B	13	59
6dlo_B	60	102
6dlo_B	106	156
6dlo_B	162	200
6dlo_B	216	252
6dlo_B	275	312
6dlo_B	313	338
5wlc_LN	46	93
5wlc_LN	98	139
5wlc_LN	144	185
5wlc_LN	189	231
5wlc_LN	240	279
5wlc_LN	283	328
5wlc_LN	332	374
5wlc_LN	380	405
5wlc_LN	428	466
5wlc_LN	475	503
5wlc_LN	531	565
5wlc_LN	570	602
5wlc_LN	634	666
5n1a_B	39	97
5n1a_B	101	151
5n1a_B	155	203
5n1a_B	213	250
5n1a_B	262	298
5n1a_B	303	345
5n1a_B	349	391
5n1a_B	455	498
5n1a_B	505	551
5n1a_B	572	647
5n1a_B	653	692
5n1a_B	713	855
5l8s_A	18	59
5l8s_A	61	105
5l8s_A	108	152
5l8s_A	154	194
5l8s_A	204	244
5l8s_A	246	285
6n8q_A	23	60
6n8q_A	64	107
6n8q_A	121	157
6n8q_A	179	219
6n8q_A	222	264
6n8q_A	271	317
6n8q_A	320	365
6n8q_A	376	455
6n8q_A	495	577
6n8q_A	579	619
6n8q_A	702	759
6n8q_A	764	825
6n8q_A	832	879
6n8q_A	889	914
4j0w_A	17	55
4j0w_A	69	108
4j0w_A	111	150
4j0w_A	153	191
4j0w_A	195	233
4j0w_A	247	289
4j0w_A	291	332
3dw8_B	31	81
3dw8_B	96	174
3dw8_B	179	218
3dw8_B	228	270
3dw8_B	287	325
3dw8_B	344	382
3dw8_B	420	446
3q6k_A	27	77
3q6k_A	90	143
3q6k_A	153	197
3q6k_A	222	270
3q6k_A	276	321
3q6k_A	326	366
6n31_A	33	105
6n31_A	71	117
6n31_A	121	185
6n31_A	189	227
6n31_A	229	270
6n31_A	273	314
6n31_A	318	344
5xgs_A	78	129
5xgs_A	139	190
5xgs_A	194	240
5xgs_A	248	294
5xgs_A	300	344
5xgs_A	359	405
6lk8_C	14	73
6lk8_C	77	119
6lk8_C	132	166
6lk8_C	173	210
6lk8_C	218	256
6lk8_C	262	293
7ad3_F	95	133
7ad3_F	136	179
7ad3_F	183	218
7ad3_F	226	266
7ad3_F	272	309
7ad3_F	352	389
7ad3_F	393	421
6yw6_C	11	49
6yw6_C	54	93
6yw6_C	98	140
6yw6_C	146	198
6yw6_C	204	243
6yw6_C	247	284
6yw6_C	328	361
5ezn_A	18	62
5ezn_A	72	121
5ezn_A	130	157
7ohv_p	147	170
7ohv_p	210	239
7ohv_p	289	330
7ohv_p	331	359
7ohv_p	379	416
7ohv_p	427	453
4gbf_A	37	82
4gbf_A	84	120
4gbf_A	130	182
4gbf_A	184	239
4gbf_A	240	292
4gbf_A	311	350
4gbf_A	350	385
5b6s_A	23	69
5b6s_A	83	124
5b6s_A	142	187
5b6s_A	195	241
5b6s_A	263	312
7obm_A	23	61
7obm_A	66	113
7obm_A	114	162
7obm_A	164	210
7obm_A	211	257
7obm_A	259	297
7obm_A	303	349
5ay9_A	66	113
5ay9_A	122	177
5ay9_A	188	242
5ay9_A	249	305
5ay9_A	318	353
5n1a_A	40	94
5n1a_A	100	150
5n1a_A	156	206
5n1a_A	213	250
5n1a_A	262	299
5n1a_A	303	345
5n1a_A	349	391
5n1a_A	392	450
5n1a_A	454	497
5n1a_A	505	549
5n1a_A	572	604
5n1a_A	653	695
5n1a_A	713	741
2ebs_B	16	54
2ebs_B	66	109
2ebs_B	124	158
2ebs_B	171	207
2ebs_B	232	276
2ebs_B	295	339
2ebs_B	398	423
2ebs_B	447	481
2ebs_B	488	533
2ebs_B	546	585
2ebs_B	593	627
2ebs_B	634	673
2ebs_B	675	726
2ebs_B	733	763
6yle_A	78	136
6yle_A	141	188
6yle_A	191	256
6yle_A	259	287
6yle_A	347	384
3j65_q	146	184
3j65_q	188	226
3j65_q	232	275
3j65_q	281	317
3j65_q	322	399
3j65_q	404	442
3j65_q	448	485
3j65_q	489	515
3nvx_A	13	46
3nvx_A	49	86
3nvx_A	97	137
3nvx_A	145	206
3nvx_A	217	313
3nvx_A	316	356
3nvx_A	359	382
5hq2_K	87	121
5hq2_K	170	217
5hq2_K	226	273
5hq2_K	277	326
5hq2_K	332	390
5hq2_K	398	442
5bpt_A	16	54
5bpt_A	60	100
5bpt_A	103	193
5bpt_A	196	552
5bpt_A	565	614
5bpt_A	631	710
5bpt_A	712	740
6ke6_B3	21	54
6ke6_B3	65	100
6ke6_B3	106	140
6ke6_B3	148	188
6ke6_B3	192	237
6ke6_B3	244	281
6ke6_B3	290	315
6ke6_B3	339	386
6ke6_B3	391	432
6ke6_B3	438	486
6ke6_B3	494	530
6ke6_B3	535	574
6ke6_B3	578	600
6ke6_B3	621	647
5v2d_A	58	105
5v2d_A	140	175
5v2d_A	188	233
5v2d_A	239	298
5v2d_A	305	366
5v2d_A	373	431
5v2d_A	432	486
3mzk_A	12	52
3mzk_A	55	98
3mzk_A	101	143
3mzk_A	147	202
3mzk_A	206	250
3mzk_A	257	297
5xh8_A	39	79
5xh8_A	94	157
5xh8_A	171	229
5xh8_A	244	314
5xh8_A	320	419
3ldk_A	39	85
3ldk_A	95	156
3ldk_A	172	253
3ldk_A	269	341
3ldk_A	351	448
4owr_A	13	57
4owr_A	60	99
4owr_A	101	140
4owr_A	144	182
4owr_A	186	231
4owr_A	247	282
4owr_A	288	329
4buj_H	19	62
4buj_H	65	112
4buj_H	123	180
4buj_H	188	225
4buj_H	235	275
4buj_H	294	332
4buj_H	356	394
6mgj_A	24	57
6mgj_A	68	115
6mgj_A	130	166
6mgj_A	187	231
6mgj_A	238	284
6mgj_A	292	333
6mgj_A	426	462
6mgj_A	472	514
6mgj_A	526	563
6mgj_A	567	602
6mgj_A	619	661
6mgj_A	663	708
6mgj_A	721	747
7awy_A	18	54
7awy_A	58	94
7awy_A	98	134
7awy_A	138	172
7awy_A	176	211
7awy_A	216	251
7awy_A	256	289
7awy_A	294	328
1ijq_A	1	30
1ijq_A	32	73
1ijq_A	78	118
1ijq_A	122	160
1ijq_A	166	205
1ijq_A	211	249
2j04_B	139	206
2j04_B	211	265
2j04_B	269	309
2j04_B	311	353
2j04_B	357	398
2j04_B	400	450
2j04_B	485	517
4n4b_A	44	91
4n4b_A	104	144
4n4b_A	165	210
4n4b_A	217	265
4n4b_A	283	333
4pvi_A	42	89
4pvi_A	102	142
4pvi_A	164	214
4pvi_A	224	271
4pvi_A	293	342
6rlb_D	163	216
6rlb_D	221	261
6rlb_D	268	309
6rlb_D	336	388
6rlb_D	394	434
6rlb_D	437	479
6rlb_D	484	514
3nvq_A	31	70
3nvq_A	84	122
3nvq_A	133	169
3nvq_A	178	246
3nvq_A	257	361
3nvq_A	363	414
3nvq_A	421	447
5gva_A	30	67
5gva_A	70	105
5gva_A	110	147
5gva_A	153	190
5gva_A	203	241
5gva_A	247	285
5gva_A	290	317
6e29_A	27	66
6e29_A	69	108
6e29_A	110	150
6e29_A	175	214
6e29_A	217	267
6e29_A	274	313
6e29_A	316	345
3c5m_A	34	77
3c5m_A	83	121
3c5m_A	123	188
3c5m_A	189	233
3c5m_A	236	283
3c5m_A	284	338
6ska_D	119	168
6ska_D	174	211
6ska_D	227	269
6ska_D	276	311
6ska_D	320	347
7cgz_A	13	51
7cgz_A	61	115
7cgz_A	125	189
7cgz_A	191	261
7cgz_A	265	313
7cgz_A	318	347
2g8s_A	19	55
2g8s_A	67	121
2g8s_A	131	195
2g8s_A	199	270
2g8s_A	272	318
2g8s_A	325	353
2vdu_B	5	46
2vdu_B	105	148
2vdu_B	151	195
2vdu_B	197	240
2vdu_B	243	280
2vdu_B	310	354
2vdu_B	356	399
6n1a_A	54	108
6n1a_A	116	199
6n1a_A	206	255
6n1a_A	268	321
6n1a_A	331	396
3wsy_A	18	66
3wsy_A	79	118
3wsy_A	122	163
3wsy_A	164	209
3wsy_A	212	255
3wsy_A	262	305
3wsy_A	327	370
3wsy_A	453	494
3wsy_A	497	533
6ffy_A	33	82
6ffy_A	91	132
6ffy_A	136	174
6ffy_A	177	225
6ffy_A	231	267
6ffy_A	272	316
6ffy_A	330	367
6ffy_A	386	446
6ffy_A	448	490
6ffy_A	493	527
4r5o_A	98	126
4r5o_A	140	184
4r5o_A	187	222
4r5o_A	225	271
4r5o_A	279	318
4r5o_A	329	368
4r5o_A	369	417
6sj7_A	79	129
6sj7_A	139	226
6sj7_A	232	449
3nqh_A	25	73
3nqh_A	83	132
3nqh_A	143	181
3nqh_A	189	232
3nqh_A	242	292
5e6r_A	19	59
5e6r_A	71	107
5e6r_A	327	366
5e6r_A	380	429
5e6r_A	434	485
5e6r_A	496	546
5e6r_A	555	588
6ck1_A	28	62
6ck1_A	66	119
6ck1_A	121	162
6ck1_A	167	212
6ck1_A	216	253
6ck1_A	262	300
6ck1_A	303	341
6ck1_A	355	391
6q4w_A	65	111
6q4w_A	121	167
6q4w_A	172	216
6q4w_A	227	284
6q4w_A	301	334
1xfd_A	18	54
1xfd_A	62	107
1xfd_A	116	289
1xfd_A	176	246
1xfd_A	253	302
1xfd_A	304	355
1xfd_A	361	402
1xfd_A	412	452
4ncs_A	20	75
4ncs_A	83	143
4ncs_A	156	212
4ncs_A	218	263
4ncs_A	275	317
4ncs_A	334	371
4a7y_A	34	92
4a7y_A	94	151
4a7y_A	154	212
4a7y_A	214	259
4a7y_A	271	325
4a7y_A	336	390
4a7y_A	392	433
4irz_A	20	71
4irz_A	95	149
4irz_A	167	207
4irz_A	219	268
4irz_A	274	322
4irz_A	336	387
4irz_A	396	429
4yeh_A	1	60
4yeh_A	61	112
4yeh_A	117	168
4yeh_A	170	220
7pzy_h	18	63
7pzy_h	68	107
7pzy_h	110	149
7pzy_h	151	192
7pzy_h	194	233
7pzy_h	237	274
7pzy_h	285	314
4qn4_A	99	139
4qn4_A	148	190
4qn4_A	199	239
4qn4_A	272	320
3kih_A	3	50
3kih_A	51	90
4eqv_F	18	73
4eqv_F	78	141
4eqv_F	152	194
4eqv_F	200	260
4eqv_F	268	334
6j0t_A	49	105
6j0t_A	110	171
6j0t_A	182	230
6j0t_A	234	305
6j0t_A	313	377
1uyp_A	13	67
1uyp_A	70	127
1uyp_A	135	184
1uyp_A	188	235
1uyp_A	241	294
7bwb_A	59	110
7bwb_A	115	170
7bwb_A	178	225
7bwb_A	230	288
7bwb_A	296	349
3u14_A	46	99
3u14_A	106	167
3u14_A	178	223
3u14_A	230	288
3u14_A	295	356
5fix_A	76	135
5fix_A	144	199
5fix_A	221	286
5fix_A	298	371
5fix_A	377	461
4ffg_B	11	60
4ffg_B	70	120
4ffg_B	147	187
4ffg_B	197	247
4ffg_B	261	325
7vco_A	36	84
7vco_A	98	153
7vco_A	163	208
7vco_A	212	270
7vco_A	279	333
6num_A	50	100
6num_A	111	169
6num_A	181	226
6num_A	231	294
6num_A	303	355
6wnx_A	129	166
6wnx_A	169	205
6wnx_A	210	249
6wnx_A	253	289
6wnx_A	292	329
6wnx_A	332	378
6wnx_A	381	407
6ou0_A	41	92
6ou0_A	99	134
6ou0_A	150	192
6ou0_A	199	241
6ou0_A	247	271
3p2n_A	92	159
3p2n_A	167	219
3p2n_A	247	302
3p2n_A	309	351
6qdv_o	224	265
6qdv_o	269	307
6qdv_o	309	351
6qdv_o	355	395
6qdv_o	398	436
6qdv_o	445	483
6qdv_o	484	513
5mqf_E	290	330
5mqf_E	335	372
5mqf_E	376	415
5mqf_E	421	457
5mqf_E	464	503
5mqf_E	514	548
5mqf_E	553	579
7k36_B	398	449
7k36_B	451	501
7k36_B	505	543
7k36_B	549	587
7k36_B	599	637
7k36_B	641	680
7k36_B	687	713
5cvo_A	32	73
5cvo_A	77	116
5cvo_A	119	164
5cvo_A	170	209
5cvo_A	212	251
5cvo_A	254	293
5cvo_A	297	360
6t96_A	35	78
6t96_A	85	128
6t96_A	132	176
6t96_A	180	224
6t96_A	228	271
6t96_A	275	318
6t96_A	322	363
7lbu_A	91	149
7lbu_A	154	217
7lbu_A	226	280
5gmk_n	164	204
5gmk_n	208	247
5gmk_n	251	277
5gmk_n	295	333
5gmk_n	340	364
5gmk_n	380	414
5gmk_n	429	455
5wbi_A	972	1011
5wbi_A	1017	1061
5wbi_A	1073	1110
5wbi_A	1116	1155
5wbi_A	1163	1204
5wbi_A	1207	1244
5wbi_A	1254	1281
4u6b_A	98	171
4u6b_A	179	232
4u6b_A	249	300
4u6b_A	304	348
4u6b_A	351	396
1npe_A	1	35
1npe_A	37	76
1npe_A	81	120
1npe_A	124	165
1npe_A	169	208
1npe_A	211	247
2vwd_A	32	91
2vwd_A	100	154
2vwd_A	163	251
2vwd_A	258	300
2vwd_A	326	372
2vwd_A	376	415
6oc5_A	59	531
6oc5_A	77	159
6oc5_A	129	165
6oc5_A	175	215
6oc5_A	259	312
6oc5_A	324	366
6oc5_A	419	491
6oc5_A	537	598
3hxr_A	57	102
3hxr_A	109	158
3hxr_A	166	216
3hxr_A	227	263
3hxr_A	282	327
3hxr_A	333	387
3hxr_A	463	491
4q1u_A	51	100
4q1u_A	114	160
4q1u_A	167	221
4q1u_A	223	264
4q1u_A	267	324
4q1u_A	331	355
7usl_A	19	60
7usl_A	74	120
7usl_A	337	376
7usl_A	388	434
7usl_A	442	496
7usl_A	505	558
7usl_A	568	599
7o6z_A	87	126
7o6z_A	141	178
7o6z_A	187	232
7o6z_A	274	339
7o6z_A	352	394
7o6z_A	436	508
7o6z_A	512	549
7o6z_A	555	619
6nd4_W	112	151
6nd4_W	153	188
6nd4_W	193	232
6nd4_W	235	274
6nd4_W	277	315
6nd4_W	319	374
6nd4_W	376	403
2z2p_A	16	53
2z2p_A	59	96
2z2p_A	100	137
2z2p_A	142	181
2z2p_A	184	221
2z2p_A	227	263
2z2p_A	269	294
6s5m_A	17	55
6s5m_A	77	115
6s5m_A	124	181
6s5m_A	183	225
6s5m_A	226	269
6s5m_A	278	303
5c2v_E	14	53
5c2v_E	57	96
5c2v_E	99	139
5c2v_E	143	188
5c2v_E	192	246
5c2v_E	255	318
5c2v_E	322	352
7mqa_LO	18	51
7mqa_LO	57	95
7mqa_LO	99	142
7mqa_LO	147	186
7mqa_LO	190	227
7mqa_LO	291	328
7mqa_LO	332	371
7mqa_LO	376	414
7mqa_LO	417	456
7mqa_LO	460	500
7mqa_LO	503	543
7mqa_LO	545	584
7mqa_LO	606	646
7mqa_LO	704	731
7mqa_LQ	24	63
7mqa_LQ	68	105
7mqa_LQ	109	147
7mqa_LQ	151	190
7mqa_LQ	194	225
7mqa_LQ	282	361
7mqa_LQ	364	396
7mqa_LQ	417	454
7mqa_LQ	456	494
7mqa_LQ	498	526
7mqa_LQ	551	589
7mqa_LQ	594	631
7mqa_LQ	635	674
7mqa_LQ	678	705
6iyy_A	9	47
6iyy_A	51	90
6iyy_A	92	129
6iyy_A	134	174
6iyy_A	178	217
6iyy_A	223	265
6iyy_A	269	310
6nu7_A	43	93
6nu7_A	104	150
6nu7_A	164	210
6nu7_A	218	274
6nu7_A	288	341
7rro_e	32	66
7rro_e	69	111
7rro_e	116	156
7rro_e	164	203
7rro_e	210	248
7rro_e	255	290
7rro_e	295	333
7rro_e	338	376
7rro_e	379	416
7rro_e	424	463
7rro_e	466	505
7rro_e	509	544
7rro_e	550	587
7rro_e	592	619
5yy8_A	46	86
5yy8_A	95	135
5yy8_A	141	182
5yy8_A	190	229
5yy8_A	236	276
5yy8_A	284	322
3s25_A	19	57
3s25_A	59	107
3s25_A	109	148
3s25_A	150	185
3s25_A	188	225
3s25_A	227	265
3s25_A	267	302
6bll_A	13	45
6bll_A	78	125
6bll_A	138	169
6bll_A	201	261
6bll_A	264	302
6bll_A	324	365
6bll_A	371	397
6bll_A	474	520
6bll_A	532	602
6bll_A	605	640
6bll_A	644	673
6bll_A	695	811
6bll_A	845	897
6bll_A	929	967
6bll_A	972	1003
6bll_A	1020	1094
6bll_A	1098	1168
6bll_A	1172	1208
6bll_A	1211	1250
6bll_A	1254	1304
6bll_A	1310	1349
4ozu_A	38	77
4ozu_A	82	128
4ozu_A	133	173
4ozu_A	175	212
4ozu_A	218	266
4ozu_A	271	311
4ozu_A	314	353
1pgu_B	22	62
1pgu_B	67	115
1pgu_B	119	156
1pgu_B	163	201
1pgu_B	209	246
1pgu_B	256	294
1pgu_B	300	326
1pgu_B	341	372
1pgu_B	374	406
1pgu_B	409	446
1pgu_B	449	484
1pgu_B	491	527
1pgu_B	534	582
1pgu_B	587	613
5ife_A	23	68
5ife_A	71	117
5ife_A	128	170
5ife_A	174	238
5ife_A	241	283
5ife_A	296	343
5ife_A	345	372
5ife_A	416	452
5ife_A	465	510
5ife_A	515	551
5ife_A	553	593
5ife_A	596	644
5ife_A	646	701
5ife_A	709	745
5ife_A	748	778
5ife_A	794	893
5ife_A	895	956
5ife_A	958	996
5ife_A	1000	1039
5ife_A	1042	1077
5ife_A	1110	1142
7mq8_LN	18	58
7mq8_LN	62	100
7mq8_LN	103	143
7mq8_LN	147	186
7mq8_LN	197	235
7mq8_LN	238	285
7mq8_LN	289	330
7mq8_LN	336	388
7mq8_LN	392	431
7mq8_LN	439	479
7mq8_LN	487	524
7mq8_LN	528	562
7mq8_LN	582	623
3mvd_L	73	105
3mvd_L	129	176
3mvd_L	181	237
3mvd_L	244	291
3mvd_L	295	341
3mvd_L	348	393
4a11_B	45	93
4a11_B	101	141
4a11_B	144	182
4a11_B	188	226
4a11_B	248	284
4a11_B	294	332
4a11_B	337	365
4lg8_A	73	113
4lg8_A	117	157
4lg8_A	158	198
4lg8_A	202	241
4lg8_A	245	284
4lg8_A	288	324
4lg8_A	328	354
5flw_A	22	65
5flw_A	79	131
5flw_A	136	181
5flw_A	189	233
5flw_A	244	294
6do3_A	35	84
6do3_A	93	137
6do3_A	148	209
6do3_A	221	261
6do3_A	271	312
6do3_A	322	360
7moq_A	23	73
7moq_A	85	125
7moq_A	148	191
7moq_A	202	243
7moq_A	254	305
7moq_A	321	355
7kzn_A	20	67
7kzn_A	77	116
7kzn_A	127	169
7kzn_A	182	228
7kzn_A	240	284
7kzn_A	296	327
6dam_A	82	117
6dam_A	135	172
6dam_A	180	221
6dam_A	268	320
6dam_A	332	375
6dam_A	421	503
6dam_A	507	544
6dam_A	548	617
3vt2_A	60	102
3vt2_A	115	167
3vt2_A	184	231
3vt2_A	235	278
3vt2_A	287	341
6eug_A	47	95
6eug_A	107	160
6eug_A	212	258
6eug_A	264	306
6eug_A	319	355
1tl2_A	2	40
1tl2_A	43	90
1tl2_A	91	136
1tl2_A	137	183
1tl2_A	184	230
6euf_A	23	69
6euf_A	83	136
6euf_A	140	186
6euf_A	193	235
6euf_A	248	285
5aja_A	39	78
5aja_A	82	122
5aja_A	123	159
5aja_A	169	200
5aja_A	206	235
5aja_A	240	295
5aja_A	297	334
4wwx_X	17	60
4wwx_X	73	126
4wwx_X	138	196
4wwx_X	205	252
4wwx_X	259	301
4wwx_X	315	349
7ceb_A	22	75
7ceb_A	92	151
7ceb_A	168	217
7ceb_A	235	286
7ceb_A	294	350
7ceb_A	355	405
7ceb_A	412	443
5c2n_A	3	48
5b0p_A	23	129
5b0p_A	136	182
5b0p_A	189	237
5b0p_A	244	294
5b0p_A	311	342
2aq5_A	38	77
2aq5_A	54	351
2aq5_A	84	129
2aq5_A	134	172
2aq5_A	178	216
2aq5_A	223	266
2aq5_A	269	313
4mmz_A	20	70
4mmz_A	94	142
4mmz_A	158	211
4mmz_A	223	269
4mmz_A	277	334
4mmz_A	340	393
4mmz_A	405	439
6gy5_A	16	50
6gy5_A	56	96
6gy5_A	104	143
6gy5_A	151	190
6gy5_A	198	237
6gy5_A	245	284
4gn7_A	17	55
4gn7_A	57	95
4gn7_A	98	149
4gn7_A	152	194
4gn7_A	201	240
4gn7_A	244	286
2ghs_A	51	88
2ghs_A	92	128
2ghs_A	133	179
2ghs_A	182	226
2ghs_A	230	270
2ghs_A	273	313
3k71_A	19	61
3k71_A	74	118
3k71_A	336	374
3k71_A	387	431
3k71_A	440	494
3k71_A	503	554
3k71_A	566	598
4qqs_B	16	60
4qqs_B	73	117
4qqs_B	126	180
4qqs_B	190	241
4qqs_B	256	306
4gdj_B	36	63
4gdj_B	100	140
4gdj_B	144	191
4gdj_B	199	238
4gdj_B	266	315
4gdj_B	317	366
6byp_B	53	212
6byp_B	74	117
6byp_B	229	272
6byp_B	285	353
6byp_B	374	422
6byp_B	427	465
6byp_B	469	504
5b2c_A	75	135
5b2c_A	139	190
5b2c_A	199	294
5b2c_A	304	351
5b2c_A	377	430
5b2c_A	435	480
7bwu_D	121	181
7bwu_D	187	236
7bwu_D	245	340
7bwu_D	350	397
7bwu_D	421	467
7bwu_D	474	518
6htn_A	2	45
6htn_A	51	94
6htn_A	101	144
5xm3_A	87	124
5xm3_A	140	182
5xm3_A	191	232
5xm3_A	275	327
5xm3_A	338	384
5xm3_A	426	503
5xm3_A	507	545
5xm3_A	550	612
7som_a	17	55
7som_a	60	100
7som_a	105	144
7som_a	149	192
7som_a	200	237
7som_a	242	281
7som_a	287	326
6hrl_A	1	36
6hrl_A	41	83
6hrl_A	89	130
6hrl_A	137	177
6hrl_A	184	223
6hrl_A	231	270
7bys_A	21	66
7bys_A	78	129
7bys_A	135	183
7bys_A	188	231
7bys_A	241	287
4bh6_D	24	62
4bh6_D	65	102
4bh6_D	106	143
4bh6_D	147	184
4bh6_D	190	231
4bh6_D	232	274
4bh6_D	277	306
5wg6_D	148	189
5wg6_D	194	233
5wg6_D	240	304
5wg6_D	310	356
5wg6_D	413	441
5ayw_B	40	80
5ayw_B	92	128
5ayw_B	132	168
5ayw_B	177	213
5ayw_B	230	264
5ayw_B	269	304
5ayw_B	307	344
5ayw_B	349	372
2woz_A	13	45
2woz_A	47	94
2woz_A	102	143
2woz_A	151	191
2woz_A	199	240
2woz_A	246	296
5gm6_F	71	118
5gm6_F	124	179
5gm6_F	190	232
5gm6_F	234	289
5gm6_F	292	350
5gm6_F	365	411
5gm6_F	415	441
5gm6_F	530	571
5gm6_F	587	625
5gm6_F	631	670
5gm6_F	676	721
5gm6_F	725	770
5gm6_F	922	976
5gm6_F	979	1027
5gm6_F	1032	1067
5gm6_F	1073	1112
5gm6_F	1117	1196
5gm6_F	1198	1231
3nok_A	56	95
3nok_A	98	134
3nok_A	138	174
3nok_A	183	218
3nok_A	236	267
5hax_A	72	109
5hax_A	114	170
5hax_A	176	218
5hax_A	229	269
5hax_A	292	349
5hax_A	380	434
5hax_A	440	488
1xi4_A	27	67
1xi4_A	69	104
1xi4_A	108	142
1xi4_A	152	195
1xi4_A	197	250
1xi4_A	258	300
1xi4_A	303	330
3w15_A	11	95
3w15_A	65	105
3w15_A	108	145
3w15_A	177	220
3w15_A	224	273
3w15_A	279	333
3w15_A	337	367
7zaz_CCC	86	135
7zaz_CCC	145	202
7zaz_CCC	205	259
7zaz_CCC	262	313
7zaz_CCC	315	358
7zaz_CCC	361	401
7zaz_CCC	406	451
4nlm_A	47	88
4nlm_A	90	133
4nlm_A	135	175
4nlm_A	180	222
4nlm_A	223	263
4nlm_A	272	323
4nlm_A	324	356
3kif_A	29	71
3kif_A	76	102
7c72_B	50	89
7c72_B	101	138
7c72_B	148	218
7c72_B	223	272
7c72_B	279	317
7c72_B	331	365
7c72_B	369	413
4l9o_A	20	69
4l9o_A	71	112
4l9o_A	115	157
4l9o_A	161	204
4l9o_A	207	254
4l9o_A	258	303
4l9o_A	308	348
6gc1_C	232	285
6gc1_C	287	342
6gc1_C	344	415
6gc1_C	418	481
6gc1_C	483	538
6gc1_C	540	579
7djj_A	180	220
7djj_A	236	277
7djj_A	295	335
7djj_A	352	392
7djj_A	416	456
7djj_A	471	498
5c2m_A	13	53
5c2m_A	54	100
5c2m_A	101	147
5c2m_A	148	194
5c2m_A	195	240
5l5k_A	18	53
5l5k_A	82	120
5l5k_A	135	187
5l5k_A	209	269
5l5k_A	272	396
5l5k_A	400	441
5l5k_A	450	475
2p4o_A	33	70
2p4o_A	72	115
2p4o_A	119	157
2p4o_A	171	211
2p4o_A	214	250
2p4o_A	255	299
6fkn_D	28	62
6fkn_D	86	141
6fkn_D	151	188
6fkn_D	194	255
6fkn_D	267	382
6fkn_D	385	443
6fkn_D	449	476
7p1b_C	59	122
7p1b_C	124	194
7p1b_C	210	246
7p1b_C	251	293
7p1b_C	300	347
7p1b_C	361	400
7p1q_A	36	97
7p1q_A	100	171
7p1q_A	187	224
7p1q_A	228	267
7p1q_A	276	324
7p1q_A	337	377
6sg8_A	53	114
6sg8_A	120	171
6sg8_A	179	275
6sg8_A	284	330
6sg8_A	359	411
6sg8_A	415	458
1jmz_B	43	83
1jmz_B	93	146
1jmz_B	150	184
1jmz_B	199	253
1jmz_B	256	294
1jmz_B	297	335
1yr2_A	111	156
1yr2_A	163	208
1yr2_A	211	263
1yr2_A	269	316
1yr2_A	318	362
1yr2_A	366	404
1yr2_A	407	447
2zwa_B	390	430
2zwa_B	441	484
2zwa_B	491	531
2zwa_B	541	592
2zwa_B	599	643
2zwa_B	657	693
4wk4_A	18	73
4wk4_A	100	151
4wk4_A	166	221
4wk4_A	230	279
4wk4_A	285	345
4wk4_A	351	404
4wk4_A	416	450
4q9t_B	48	88
4q9t_B	97	150
4q9t_B	175	218
4q9t_B	234	278
4q9t_B	296	349
4q9t_B	363	415
4q9t_B	420	446
2mqs_A	8	49
2mqs_A	53	92
2mqs_A	99	144
2mqs_A	148	194
1fbl_A	185	227
1fbl_A	229	271
1fbl_A	278	321
1fbl_A	326	366
1itv_A	9	49
1itv_A	55	95
1itv_A	101	143
1itv_A	149	195
7sty_A	56	96
7sty_A	100	146
7sty_A	151	190
7sty_A	194	233
7sty_A	239	282
7sty_A	285	330
7sty_A	332	369
4hxg_E	14	61
4hxg_E	63	104
4hxg_E	106	171
4hxg_E	173	216
4hxg_E	218	258
4hxg_E	263	299
4hxg_E	301	337
4nsx_A	39	74
4nsx_A	80	115
4nsx_A	117	159
4nsx_A	167	203
4nsx_A	209	247
4nsx_A	251	289
4nsx_A	298	326
4nsx_A	350	389
4nsx_A	413	457
4nsx_A	462	500
4nsx_A	504	543
4nsx_A	545	583
4nsx_A	587	627
4nsx_A	629	657
2ecf_A	153	190
2ecf_A	212	280
2ecf_A	285	333
2ecf_A	336	377
2ecf_A	380	421
2ecf_A	426	454
5c2v_A	76	120
5c2v_A	123	220
5c2v_A	230	275
5c2v_A	284	331
5c2v_A	334	373
4tqj_A	18	48
4tqj_A	57	103
4tqj_A	115	159
4tqj_A	171	215
4tqj_A	228	271
4tqj_A	284	326
4tqj_A	337	381
5t88_A	94	139
5t88_A	142	187
5t88_A	192	237
5t88_A	240	278
5t88_A	281	319
5t88_A	323	363
7mq8_LR	28	64
7mq8_LR	68	107
7mq8_LR	111	150
7mq8_LR	153	194
7mq8_LR	198	236
7mq8_LR	238	288
7mq8_LR	336	374
7mq8_LR	379	419
7mq8_LR	423	477
7mq8_LR	481	519
7mq8_LR	524	562
7mq8_LR	565	603
7mq8_LR	607	634
4d47_A	41	119
4d47_A	130	184
4d47_A	202	281
4d47_A	287	343
4d47_A	353	405
5l9u_A	72	104
5l9u_A	124	173
5l9u_A	178	224
5l9u_A	243	279
5l9u_A	426	476
5l9u_A	478	512
5l9u_A	581	613
4onz_A	48	103
4onz_A	116	162
4onz_A	179	225
4onz_A	243	303
4onz_A	321	352
3taw_A	47	100
3taw_A	115	161
3taw_A	177	225
3taw_A	242	301
3taw_A	319	351
4k1h_A	38	93
4k1h_A	96	136
4k1h_A	141	187
4k1h_A	196	236
4k1h_A	269	319
4k1h_A	325	369
2b8h_A	38	96
2b8h_A	98	139
2b8h_A	142	188
2b8h_A	197	238
2b8h_A	270	319
2b8h_A	323	371
3v65_B	87	115
3v65_B	117	155
3v65_B	160	199
3v65_B	203	243
3v65_B	248	286
3v65_B	290	328
1q7f_A	31	69
1q7f_A	78	117
1q7f_A	123	160
1q7f_A	166	204
1q7f_A	209	247
1q7f_A	253	280
4m3m_A	38	97
4m3m_A	148	188
4m3m_A	197	236
4m3m_A	268	317
4m3m_A	321	370
4qn5_A	38	95
4qn5_A	97	334
4qn5_A	147	188
4qn5_A	197	237
4qn5_A	271	320
6lxk_A	119	178
6lxk_A	178	218
6lxk_A	224	269
6lxk_A	277	317
6lxk_A	347	396
6lxk_A	402	447
4cpl_A	117	176
4cpl_A	177	216
4cpl_A	223	267
4cpl_A	276	317
4cpl_A	349	403
4cpl_A	407	452
5a1u_D	18	55
5a1u_D	60	98
5a1u_D	101	141
5a1u_D	145	183
5a1u_D	188	228
5a1u_D	231	269
5a1u_D	273	299
5a1u_D	303	350
5a1u_D	355	390
5a1u_D	391	424
5a1u_D	430	463
5a1u_D	465	520
5a1u_D	524	559
5a1u_D	561	587
4uuy_A	20	55
4uuy_A	64	98
4uuy_A	103	144
4uuy_A	149	191
4uuy_A	200	246
4uuy_A	260	295
4uuy_A	311	340
2hu7_A	23	60
2hu7_A	64	107
2hu7_A	111	151
2hu7_A	152	191
2hu7_A	194	234
2hu7_A	245	284
2hu7_A	286	321
2yft_A	126	185
2yft_A	191	256
2yft_A	276	374
2yft_A	381	447
2yft_A	458	512
6r5k_A	31	69
6r5k_A	74	109
6r5k_A	118	157
6r5k_A	163	197
6r5k_A	202	245
6r5k_A	258	296
6r5k_A	300	326
7v2w_H	65	107
7v2w_H	114	158
7v2w_H	163	202
7v2w_H	211	251
7v2w_H	256	293
7v2w_H	298	337
7v2w_H	341	368
4ui9_I	22	82
4ui9_I	68	106
4ui9_I	110	200
4ui9_I	203	558
4ui9_I	571	621
4ui9_I	635	714
4ui9_I	718	747
4ak5_B	86	154
4ak5_B	162	217
4ak5_B	243	301
4ak5_B	304	345
4ak5_B	349	390
2x9m_A	29	88
2x9m_A	98	153
2x9m_A	161	247
2x9m_A	255	298
2x9m_A	324	371
2x9m_A	374	416
7wmd_A	77	113
7wmd_A	130	164
7wmd_A	175	215
7wmd_A	242	297
7wmd_A	310	369
7wmd_A	413	482
7wmd_A	487	524
7wmd_A	526	576
7plb_A	18	52
7plb_A	56	91
7plb_A	97	143
7plb_A	145	188
7plb_A	192	231
7plb_A	235	278
5d9b_A	21	57
5d9b_A	62	104
5d9b_A	109	158
5d9b_A	161	205
5d9b_A	212	253
5d9b_A	257	298
4mae_A	55	93
4mae_A	110	145
4mae_A	156	197
4mae_A	240	293
4mae_A	306	346
4mae_A	392	463
4mae_A	469	505
4mae_A	511	577
1z4v_A	126	187
1z4v_A	192	243
1z4v_A	251	347
1z4v_A	356	402
1z4v_A	431	482
1z4v_A	488	532
2d0v_A	55	94
2d0v_A	110	151
2d0v_A	159	200
2d0v_A	243	297
2d0v_A	310	352
2d0v_A	395	473
2d0v_A	478	513
2d0v_A	517	584
2ad6_A	44	504
2ad6_A	55	93
2ad6_A	110	145
2ad6_A	155	195
2ad6_A	237	290
2ad6_A	302	344
2ad6_A	389	464
2ad6_A	510	571
5kkl_A	79	129
5kkl_A	135	176
5kkl_A	181	224
5kkl_A	230	279
5kkl_A	285	360
5kkl_A	564	592
6cmk_A	31	65
6cmk_A	67	121
6cmk_A	123	165
6cmk_A	169	213
6cmk_A	214	252
6cmk_A	260	297
6cmk_A	300	341
6cmk_A	352	390
2ece_A	25	68
2ece_A	74	128
2ece_A	139	180
2ece_A	191	246
2ece_A	252	302
2ece_A	323	365
2ece_A	382	432
5yzv_A	21	59
5yzv_A	64	104
5yzv_A	106	143
5yzv_A	148	186
5yzv_A	189	224
5yzv_A	231	268
5yzv_A	272	298
6tjg_A	19	55
6tjg_A	59	95
6tjg_A	99	135
6tjg_A	139	175
6tjg_A	179	215
6tjg_A	219	255
6tjg_A	259	295
6tjg_A	299	323
6tjb_B	19	55
6tjb_B	60	84
6tjf_A	19	54
6tjf_A	59	95
6tjf_A	99	135
6tjf_A	139	175
6tjf_A	179	215
6tjf_A	220	244
4aez_A	93	133
4aez_A	136	174
4aez_A	179	217
4aez_A	220	257
4aez_A	262	303
4aez_A	304	347
4aez_A	352	380
6lk8_F	17	72
6lk8_F	74	119
6lk8_F	127	165
6lk8_F	167	205
6lk8_F	212	253
6lk8_F	255	295
6lk8_F	299	324
5wlc_LQ	19	64
5wlc_LQ	81	120
5wlc_LQ	124	162
5wlc_LQ	165	203
5wlc_LQ	207	251
5wlc_LQ	338	385
5wlc_LQ	393	432
5wlc_LQ	434	470
5wlc_LQ	475	504
5wlc_LQ	534	572
5wlc_LQ	575	614
5wlc_LQ	618	655
5wlc_LQ	659	687
3odt_A	20	59
3odt_A	61	102
3odt_A	107	141
3odt_A	144	183
3odt_A	186	224
3odt_A	227	266
3odt_A	267	296
7a5p_z	91	132
7a5p_z	135	177
7a5p_z	182	222
7a5p_z	225	268
7a5p_z	283	321
7a5p_z	359	394
7a5p_z	398	455
4o9d_B	32	76
4o9d_B	91	130
4o9d_B	132	172
4o9d_B	181	230
4o9d_B	234	277
4o9d_B	280	320
2bkl_A	70	162
2bkl_A	118	166
2bkl_A	169	222
2bkl_A	226	271
2bkl_A	273	318
2bkl_A	320	360
2bkl_A	364	406
1w0p_A	223	279
1w0p_A	287	346
1w0p_A	548	601
1w0p_A	617	668
1w0p_A	681	735
1w0p_A	738	768
4yd8_A	25	78
4yd8_A	81	135
4yd8_A	138	179
4yd8_A	185	245
4yd8_A	248	287
4yd8_A	291	330
4yd8_A	334	364
4u1f_A	32	64
4u1f_A	65	101
4u1f_A	103	160
4u1f_A	170	209
4u1f_A	210	265
4u1f_A	267	319
4u1f_A	320	378
4u1f_A	380	437
3kst_A	26	71
3kst_A	80	125
3kst_A	128	177
3kst_A	186	239
3kst_A	251	301
5m8e_A	35	85
5m8e_A	95	148
5m8e_A	159	206
5m8e_A	221	272
5m8e_A	284	325
4kcb_A	134	169
4kcb_A	191	245
4kcb_A	254	298
4kcb_A	329	389
4kcb_A	393	441
1wl7_A	26	64
1wl7_A	84	138
1wl7_A	147	192
1wl7_A	201	261
1wl7_A	267	306
3c7g_A	25	81
3c7g_A	102	149
3c7g_A	164	220
3c7g_A	228	276
3c7g_A	289	343
1uv4_A	14	56
1uv4_A	75	126
1uv4_A	133	176
1uv4_A	186	247
1uv4_A	253	284
7zei_A	19	74
7zei_A	82	133
7zei_A	142	186
7zei_A	191	228
7zei_A	244	291
5jow_A	24	65
5jow_A	84	124
5jow_A	130	171
5jow_A	181	226
5jow_A	242	283
1yrz_B	16	56
1yrz_B	76	125
1yrz_B	129	181
1yrz_B	187	234
1yrz_B	250	305
7erl_A	40	81
7erl_A	100	144
7erl_A	149	204
7erl_A	217	261
7erl_A	281	327
6ms3_A	41	92
6ms3_A	101	158
6ms3_A	159	204
6ms3_A	208	264
6ms3_A	266	309
4kc7_A	35	70
4kc7_A	99	148
4kc7_A	173	219
4kc7_A	227	296
4kc7_A	317	363
6b7k_A	23	62
6b7k_A	82	133
6b7k_A	140	184
6b7k_A	194	253
6b7k_A	261	292
3lv4_A	15	49
3lv4_A	76	128
3lv4_A	145	193
3lv4_A	201	277
3lv4_A	291	338
5z5d_A	14	55
5z5d_A	74	115
5z5d_A	120	169
5z5d_A	178	225
5z5d_A	239	287
2exk_D	15	56
2exk_D	74	124
2exk_D	127	179
2exk_D	187	232
2exk_D	249	309
5joz_A	16	57
5joz_A	77	121
5joz_A	126	170
5joz_A	176	223
5joz_A	237	285
7jvh_B	63	104
7jvh_B	122	167
7jvh_B	173	227
7jvh_B	240	287
7jvh_B	304	343
5zqx_A	14	55
5zqx_A	73	123
5zqx_A	127	179
5zqx_A	187	232
5zqx_A	245	304
1yif_C	14	54
1yif_C	73	123
1yif_C	126	179
1yif_C	186	232
1yif_C	248	310
1y7b_A	15	55
1y7b_A	74	124
1y7b_A	128	180
1y7b_A	186	236
1y7b_A	247	306
5glk_A	32	88
5glk_A	101	148
5glk_A	152	222
5glk_A	244	289
5glk_A	293	330
6xn0_A	50	107
6xn0_A	119	158
6xn0_A	169	241
6xn0_A	258	302
6xn0_A	307	343
3k1u_A	19	64
3k1u_A	73	127
3k1u_A	138	185
3k1u_A	199	250
3k1u_A	263	304
5yp1_A	48	88
5yp1_A	110	149
5yp1_A	158	191
5yp1_A	214	281
5yp1_A	287	334
5yp1_A	342	379
5yp1_A	383	425
5yp1_A	429	457
5oql_M	93	130
5oql_M	143	181
5oql_M	187	221
5oql_M	237	266
5oql_M	291	354
5oql_M	359	396
5oql_M	399	435
3akf_A	21	67
3akf_A	77	127
3akf_A	135	184
3akf_A	196	249
3akf_A	260	300
3qz4_A	17	61
3qz4_A	79	127
3qz4_A	141	183
3qz4_A	197	243
3qz4_A	257	308
3qed_A	21	79
3qed_A	82	138
3qed_A	148	193
3qed_A	196	243
3qed_A	248	302
4mlg_A	15	72
4mlg_A	84	130
4mlg_A	136	202
4mlg_A	224	267
4mlg_A	275	321
5ltg_B	32	71
5ltg_B	73	117
5ltg_B	121	155
5ltg_B	161	222
5ltg_B	225	263
5ltg_B	269	445
5ltg_B	451	523
3kya_A	140	178
3kya_A	188	246
3kya_A	248	306
3kya_A	311	356
3kya_A	373	418
3kya_A	445	475
6vcf_A	35	81
6vcf_A	122	160
6vcf_A	172	215
6vcf_A	222	284
6vcf_A	289	351
6vcf_A	358	405
6vcf_A	406	459
2xe4_A	118	163
2xe4_A	174	221
2xe4_A	225	269
2xe4_A	272	320
2xe4_A	321	365
2xe4_A	368	416
2xe4_A	421	468
4ycz_A	19	62
4ycz_A	65	107
4ycz_A	111	151
4ycz_A	156	213
4ycz_A	219	260
4ycz_A	268	303
5a9q_6	14	55
5a9q_6	59	101
5a9q_6	106	148
5a9q_6	153	208
5a9q_6	214	261
5a9q_6	264	304
7n9f_1	162	195
7n9f_1	201	255
7n9f_1	260	289
7n9f_1	342	378
7n9f_1	406	454
7n9f_1	567	615
3fgb_A	5	41
3fgb_A	44	89
3fgb_A	93	135
3fgb_A	149	199
3fgb_A	204	246
3fgb_A	253	297
3fgb_A	300	343
6tb4_G	392	432
6tb4_G	456	494
6tb4_G	497	536
6tb4_G	540	578
6tb4_G	582	620
6tb4_G	624	653
4imm_B	74	109
4imm_B	112	150
4imm_B	154	189
4imm_B	198	236
4imm_B	251	286
4imm_B	289	325
4imm_B	330	365
4imm_B	369	392
3zxj_A	19	59
3zxj_A	84	139
3zxj_A	142	182
3zxj_A	193	237
3zxj_A	249	291
7mhu_A	47	101
7mhu_A	109	166
7mhu_A	178	240
7mhu_A	244	285
7mhu_A	297	353
7mhu_A	354	400
6rxu_UL	22	63
6rxu_UL	69	109
6rxu_UL	112	151
6rxu_UL	154	215
6rxu_UL	219	248
6rxu_UL	281	365
6rxu_UL	368	420
6rxu_UL	428	465
6rxu_UL	468	508
6rxu_UL	510	566
6rxu_UL	567	606
6rxu_UL	610	647
6rxu_UL	651	696
6rxu_UL	698	724
3afc_B	43	84
3afc_B	106	148
3afc_B	156	196
3afc_B	205	268
3afc_B	278	402
3afc_B	405	458
3afc_B	471	501
5grs_B	32	72
5grs_B	77	113
5grs_B	119	170
5grs_B	175	214
5grs_B	224	257
5grs_B	266	349
4u6d_B	82	153
4u6d_B	161	213
4u6d_B	230	275
4u6d_B	284	324
4u6d_B	330	373
1v3e_A	47	111
1v3e_A	114	165
1v3e_A	174	259
1v3e_A	267	310
1v3e_A	337	383
1v3e_A	387	425
4ui9_R	187	226
4ui9_R	232	270
4ui9_R	274	312
4ui9_R	315	354
4ui9_R	358	398
4ui9_R	400	440
4ui9_R	446	472
7mx5_A	131	170
7mx5_A	173	213
7mx5_A	217	254
7mx5_A	260	297
7mx5_A	306	380
7mx5_A	349	387
6eop_A	82	135
6eop_A	167	208
6eop_A	216	253
6eop_A	263	364
6eop_A	375	444
6eop_A	450	516
6eop_A	528	569
6eop_A	572	623
1qni_A	18	49
1qni_A	78	121
1qni_A	127	183
1qni_A	187	265
1qni_A	269	318
1qni_A	321	370
1qni_A	374	434
7ehr_A	62	141
7ehr_A	150	206
7ehr_A	225	300
7ehr_A	310	365
7ehr_A	375	425
4mc7_A	41	102
4mc7_A	104	142
4mc7_A	148	192
4mc7_A	201	240
4mc7_A	270	319
4mc7_A	321	366
3sbp_D	68	101
3sbp_D	129	171
3sbp_D	177	235
3sbp_D	239	321
3sbp_D	324	374
3sbp_D	379	430
3sbp_D	431	491
5msx_C	36	84
5msx_C	93	128
5msx_C	154	190
5msx_C	201	246
5msx_C	260	294
7esk_A	31	78
7esk_A	86	139
7esk_A	151	199
7esk_A	200	249
7esk_A	278	321
7esk_A	333	380
7esk_A	384	421
3azo_A	28	67
3azo_A	78	121
3azo_A	126	183
3azo_A	188	241
3azo_A	242	285
3azo_A	295	332
3azo_A	334	377
7qrx_A	18	57
7qrx_A	66	103
7qrx_A	113	150
7qrx_A	160	197
7qrx_A	207	243
7qrx_A	254	279
5a9q_A	102	139
5a9q_A	144	205
5a9q_A	214	241
5a9q_A	279	313
5a9q_A	342	393
5a9q_A	408	453
5a9q_A	458	513
4g56_B	40	93
4g56_B	96	137
4g56_B	141	180
4g56_B	183	221
4g56_B	228	268
4g56_B	271	309
4g56_B	313	342
3pe7_A	33	75
3pe7_A	82	121
3pe7_A	127	188
3pe7_A	192	231
3pe7_A	237	282
3pe7_A	285	338
3pe7_A	354	383
7r5j_40	152	191
7r5j_40	195	240
7r5j_40	247	285
7r5j_40	289	327
7r5j_40	397	448
7r5j_40	454	486
6f9n_A	13	46
6f9n_A	77	124
6f9n_A	138	168
6f9n_A	202	257
6f9n_A	265	303
6f9n_A	324	369
6f9n_A	371	396
6f9n_A	475	1018
6f9n_A	1020	1095
6f9n_A	1097	1169
6f9n_A	1171	1208
6f9n_A	1211	1250
6f9n_A	1255	1305
6f9n_A	1308	1350
3vgz_A	43	88
3vgz_A	91	130
3vgz_A	141	182
3vgz_A	187	229
3vgz_A	232	271
3vgz_A	273	313
3vgz_A	315	352
6cvz_A	31	75
6cvz_A	77	116
6cvz_A	118	158
6cvz_A	164	209
6cvz_A	213	271
6cvz_A	276	320
6cvz_A	323	351
1yiq_A	51	202
1yiq_A	66	99
1yiq_A	238	293
1yiq_A	305	349
1yiq_A	392	474
1yiq_A	479	515
1yiq_A	521	567
3sfz_A	617	655
3sfz_A	660	698
3sfz_A	701	741
3sfz_A	745	783
3sfz_A	801	838
3sfz_A	843	882
3sfz_A	885	911
3sfz_A	923	961
3sfz_A	966	1003
3sfz_A	1005	1042
3sfz_A	1047	1084
3sfz_A	1088	1124
3sfz_A	1130	1165
3sfz_A	1181	1216
3sfz_A	1220	1247
3tc9_A	139	177
3tc9_A	180	225
3tc9_A	229	267
3tc9_A	270	316
3tc9_A	333	379
3tc9_A	400	428
6g6m_A	17	54
6g6m_A	57	93
6g6m_A	97	133
6g6m_A	137	204
6g6m_A	178	213
6g6m_A	218	253
6g6m_A	257	293
6g6m_A	297	324
7ruo_B	58	97
7ruo_B	101	139
7ruo_B	143	181
7ruo_B	184	224
7ruo_B	227	265
7ruo_B	268	307
7ruo_B	310	337
4cy5_A	29	67
4cy5_A	72	109
4cy5_A	113	151
4cy5_A	155	192
4cy5_A	198	236
4cy5_A	243	281
4cy5_A	286	316
4lgn_A	19	55
4lgn_A	129	165
4lgn_A	190	235
4lgn_A	240	287
4lgn_A	299	340
4lgn_A	356	385
4lgn_A	432	467
4lgn_A	473	519
4lgn_A	528	563
4lgn_A	570	607
4lgn_A	615	651
4lgn_A	652	700
4lgn_A	708	736
5jwz_A	16	52
5jwz_A	65	112
5jwz_A	125	162
5jwz_A	187	230
5jwz_A	237	282
5jwz_A	295	335
5jwz_A	376	402
5jwz_A	425	460
5jwz_A	466	507
5jwz_A	516	551
5jwz_A	556	595
5jwz_A	598	638
5jwz_A	641	687
5jwz_A	697	724
6zu5_SGG	19	64
6zu5_SGG	67	105
6zu5_SGG	108	145
6zu5_SGG	154	193
6zu5_SGG	219	255
6zu5_SGG	258	295
6zu5_SGG	305	329
6p2n_A	30	57
6p2n_A	68	114
6p2n_A	130	166
6p2n_A	187	231
6p2n_A	237	282
6p2n_A	291	334
6p2n_A	426	463
6p2n_A	470	514
6p2n_A	528	563
6p2n_A	569	604
6p2n_A	621	662
6p2n_A	664	710
6p2n_A	719	748
2cn2_A	36	63
2cn2_A	73	120
2cn2_A	136	172
2cn2_A	193	237
2cn2_A	244	289
2cn2_A	301	344
2cn2_A	384	410
2cn2_A	434	470
2cn2_A	473	517
2cn2_A	527	561
2cn2_A	566	602
2cn2_A	610	646
2cn2_A	649	694
2cn2_A	704	733
7klj_B	31	67
7klj_B	71	109
7klj_B	135	173
7klj_B	177	223
7klj_B	227	264
7klj_B	268	308
7klj_B	310	335
7ung_e	29	63
7ung_e	66	109
7ung_e	115	151
7ung_e	160	199
7ung_e	208	244
7ung_e	253	289
7ung_e	292	330
7ung_e	334	374
7ung_e	376	414
7ung_e	419	459
7ung_e	463	502
7ung_e	504	543
7ung_e	547	586
7ung_e	590	620
7d4i_B3	21	54
7d4i_B3	65	101
7d4i_B3	105	140
7d4i_B3	148	189
7d4i_B3	194	237
7d4i_B3	243	281
7d4i_B3	339	386
7d4i_B3	390	432
7d4i_B3	437	483
7d4i_B3	494	530
7d4i_B3	535	561
7d4i_B3	577	600
7d4i_B3	621	646
6r8z_L	118	158
6r8z_L	164	200
6r8z_L	208	244
6r8z_L	248	291
6r8z_L	294	333
6r8z_L	345	392
6r8z_L	399	423
6ven_L	16	52
6ven_L	58	95
6ven_L	99	136
6ven_L	140	178
6ven_L	191	231
6ven_L	241	287
6ven_L	289	313
6ix1_A	1	59
6ix1_A	61	116
6ix1_A	118	169
6ix1_A	171	225
4czv_A	30	69
4czv_A	75	109
4czv_A	113	152
4czv_A	156	190
4czv_A	192	241
4czv_A	245	284
4czv_A	289	316
5m89_A	56	93
5m89_A	95	131
5m89_A	133	170
5m89_A	174	211
5m89_A	215	256
5m89_A	259	299
5m89_A	301	327
7d63_RA	58	97
7d63_RA	100	138
7d63_RA	140	177
7d63_RA	181	220
7d63_RA	231	269
7d63_RA	274	313
7d63_RA	317	343
4yzy_A	1	32
3dsm_A	1	32
3dsm_A	46	83
3dsm_A	85	123
3dsm_A	133	170
3dsm_A	174	222
3dsm_A	226	263
3dsm_A	269	312
4bbw_A	201	256
4bbw_A	266	332
4bbw_A	343	393
4bbw_A	397	438
4bbw_A	449	504
4bbw_A	507	540
2bbk_H	13	48
2bbk_H	50	96
2bbk_H	108	148
2bbk_H	152	188
2bbk_H	198	237
2bbk_H	245	298
2bbk_H	302	341
4o2w_A	73	124
4o2w_A	125	178
4o2w_A	181	229
4o2w_A	232	282
4o2w_A	285	334
4o2w_A	336	386
5oql_O	49	87
5oql_O	94	133
5oql_O	141	176
5oql_O	186	224
5oql_O	231	316
5oql_O	275	325
5oql_O	339	385
5oql_O	386	433
5oql_O	465	537
5oql_O	544	582
5oql_O	624	664
5oql_O	667	707
5oql_O	710	748
5oql_O	751	778
6h7t_A	29	75
6h7t_A	79	121
6h7t_A	129	192
6h7t_A	197	303
6h7t_A	306	365
6h7t_A	376	404
3v1s_A	20	58
3v1s_A	81	122
3v1s_A	128	183
3v1s_A	187	229
3v1s_A	231	277
3v1s_A	285	311
4tqo_B	57	93
4tqo_B	108	149
4tqo_B	160	201
4tqo_B	244	298
4tqo_B	307	351
4tqo_B	394	466
4tqo_B	472	507
4tqo_B	513	573
2qe8_A	18	56
2qe8_A	49	335
2qe8_A	68	112
2qe8_A	121	161
2qe8_A	197	247
2qe8_A	251	289
6ojr_A	118	154
6ojr_A	165	210
6ojr_A	217	276
6ojr_A	282	343
6ojr_A	351	405
6ojr_A	408	462
5u8x_A	68	114
5u8x_A	149	186
5u8x_A	196	241
5u8x_A	248	308
5u8x_A	309	376
5u8x_A	383	445
5u8x_A	453	502
2vpj_A	13	48
2vpj_A	55	98
2vpj_A	105	145
2vpj_A	152	191
2vpj_A	199	238
2vpj_A	245	287
6ke6_B2	21	65
6ke6_B2	82	119
6ke6_B2	124	161
6ke6_B2	165	202
6ke6_B2	206	250
6ke6_B2	256	335
6ke6_B2	337	385
6ke6_B2	393	430
6ke6_B2	432	471
6ke6_B2	475	504
6ke6_B2	533	571
6ke6_B2	575	613
6ke6_B2	617	655
6ke6_B2	659	687
6km7_B	19	57
6km7_B	61	100
6km7_B	102	137
6km7_B	145	183
6km7_B	192	239
6km7_B	245	285
6km7_B	289	315
7n61_0Q	17	56
7n61_0Q	60	99
7n61_0Q	104	141
7n61_0Q	149	191
7n61_0Q	199	237
7n61_0Q	242	284
7n61_0Q	288	327
7n61_0Q	329	359
7n61_0Q	374	414
7n61_0Q	424	461
7n61_0Q	466	499
7n61_0Q	505	543
7n61_0Q	548	587
7n61_0Q	591	618
6gxr_A	15	57
6gxr_A	68	110
6gxr_A	120	162
6gxr_A	172	214
6gxr_A	224	265
6gxr_A	276	317
6gxr_A	328	370
3ow8_B	34	80
3ow8_B	83	122
3ow8_B	125	163
3ow8_B	167	205
3ow8_B	209	248
3ow8_B	251	289
3ow8_B	292	320
6g6o_A	17	53
6g6o_A	58	93
6g6o_A	98	133
6g6o_A	137	173
6g6o_A	177	213
6g6o_A	217	253
6g6o_A	258	294
6g6o_A	297	322
5ic7_A	80	124
5ic7_A	129	166
5ic7_A	178	221
5ic7_A	223	262
5ic7_A	267	342
5ic7_A	347	387
5ic7_A	394	422
3a0f_A	22	60
3a0f_A	76	122
3a0f_A	135	172
3a0f_A	181	220
3a0f_A	245	291
3a0f_A	310	352
3a0f_A	395	423
3a0f_A	445	482
3a0f_A	485	535
3a0f_A	545	584
3a0f_A	590	626
3a0f_A	634	672
3a0f_A	677	726
3a0f_A	732	762
3nvq_B	11	47
3nvq_B	72	118
3nvq_B	126	191
3nvq_B	196	247
3nvq_B	258	340
3nvq_B	342	386
3nvq_B	393	419
5xyi_g	35	79
5xyi_g	82	121
5xyi_g	124	161
5xyi_g	164	208
5xyi_g	213	251
5xyi_g	253	292
5xyi_g	306	332
6p2m_A	3	60
6p2m_A	72	117
6p2m_A	132	167
6p2m_A	174	219
6p2m_A	225	270
6p2m_A	275	318
6p2m_A	345	373
6p2m_A	434	470
6p2m_A	483	517
6p2m_A	525	560
6p2m_A	573	608
6p2m_A	611	658
6p2m_A	665	694
1s1d_A	31	89
1s1d_A	96	132
1s1d_A	144	192
1s1d_A	214	266
1s1d_A	271	323
6trv_AAA	13	56
6trv_AAA	60	102
6trv_AAA	106	150
6trv_AAA	155	197
6trv_AAA	204	251
6trv_AAA	254	294
7evf_AA	62	99
7evf_AA	103	139
7evf_AA	144	183
7evf_AA	188	224
7evf_AA	228	264
7evf_AA	268	303
7evf_AA	308	344
7evf_AA	349	373
4r40_A	143	181
4r40_A	183	224
4r40_A	229	265
4r40_A	272	310
4r40_A	314	353
4r40_A	359	396
6igp_C	19	76
6igp_C	81	120
6igp_C	126	195
6igp_C	199	248
6igp_C	255	294
6igp_C	317	356
6igp_C	357	394
7c39_A	37	77
7c39_A	85	125
7c39_A	138	178
7c39_A	187	232
7c39_A	238	281
7c39_A	288	333
4nov_A	55	106
4nov_A	118	163
4nov_A	174	214
4nov_A	234	282
4nov_A	288	338
5a8c_A	38	87
5a8c_A	102	143
5a8c_A	163	204
5a8c_A	212	258
5a8c_A	267	320
1h6l_A	26	67
1h6l_A	70	116
1h6l_A	130	178
1h6l_A	181	222
1h6l_A	231	274
1h6l_A	286	326
6lk8_E	80	132
6lk8_E	140	203
6lk8_E	210	259
6lk8_E	284	325
6lk8_E	343	390
6lk8_E	396	439
6lk8_E	548	575
6chg_D	29	66
6chg_D	75	115
6chg_D	117	157
6chg_D	168	215
6chg_D	218	271
6chg_D	276	319
6chg_D	322	351
6mlt_A	33	85
6mlt_A	99	139
6mlt_A	147	180
6mlt_A	183	217
6mlt_A	221	269
6mlt_A	275	468
6mlt_A	476	517
6mlt_A	523	561
7zp6_A	20	63
7zp6_A	72	107
7zp6_A	119	172
7zp6_A	174	222
7zp6_A	228	267
7zp6_A	270	297
5b4x_B	248	280
5b4x_B	283	325
5b4x_B	330	368
5b4x_B	373	411
5b4x_B	416	455
5b4x_B	462	501
